ZIP,LAT,LNG,DIST,POPULATION,IMPACT,POP_DENSITY
27006,35.939004,-80.440264,326.41166492573086,14150,LOW,MEDIUM
27007,36.38972,-80.58846700000002,366.3346859200155,2162,LOW,LOW
27009,36.230931,-80.07865699999998,319.8538680533988,2647,LOW,LOW
27011,36.216506,-80.69851700000002,362.84584222115,5497,LOW,LOW
27012,36.002457,-80.37929100000002,325.7310818295902,25461,LOW,HIGH
27013,35.750492,-80.700075,336.19687259693455,6057,LOW,LOW
27014,35.810049,-80.55574399999998,327.90681898951124,840,LOW,LOW
27016,36.447462,-80.218816,345.25734473522647,1936,LOW,LOW
27017,36.382016,-80.756218,377.7626541294428,9597,LOW,LOW
27018,36.197106,-80.518235,348.40295822421996,7655,LOW,LOW
27019,36.286886,-80.237725,334.7375338140438,4032,LOW,LOW
27020,36.102925,-80.80405400000002,363.80190583774777,6421,LOW,LOW
27021,36.319389,-80.338592,343.9951449120233,18106,LOW,MEDIUM
27022,36.512166,-80.215604,349.9540997662442,1560,LOW,LOW
27023,36.089784,-80.456712,336.9769747273781,11873,LOW,MEDIUM
27024,36.519237,-80.841179,393.019230079142,2733,LOW,LOW
27025,36.379051,-79.969387,323.82194513664444,11138,LOW,MEDIUM
27027,36.44175900000001,-79.988878,329.96642139445305,4385,LOW,LOW
27028,35.92277100000001,-80.580443,336.1659645786346,25839,LOW,HIGH
27030,36.48980200000001,-80.629164,376.1209177919257,38374,LOW,HIGH
27040,36.169312,-80.393045,337.52475268541593,10893,LOW,MEDIUM
27041,36.425262,-80.487201,361.7504018408485,7554,LOW,LOW
27042,36.352819,-80.064203,327.9518044827855,834,LOW,LOW
27043,36.337246,-80.451911,353.1264320722926,6615,LOW,LOW
27045,36.234398,-80.29607,335.0748170353877,8536,LOW,LOW
27046,36.502219,-80.078264,340.3731404055827,2024,LOW,LOW
27047,36.314134,-80.569112,359.82701471180104,1191,LOW,LOW
27048,36.48259,-79.917692,328.77127041824815,8609,LOW,LOW
27050,36.226442,-80.409707,342.55106462631085,3893,LOW,LOW
27051,36.195946,-80.153401,322.4513760680068,7369,LOW,LOW
27052,36.320755,-80.150453,331.2780966102289,10624,LOW,MEDIUM
27053,36.474276,-80.34785,355.8225973798905,3007,LOW,LOW
27054,35.79254,-80.597888,330.273151412357,2567,LOW,LOW
27055,36.113864,-80.631592,351.4598664801964,14200,LOW,MEDIUM
27101,36.11085,-80.20043000000003,319.82575155146804,18901,LOW,MEDIUM
27103,36.05823,-80.321496,325.0353455504797,33208,LOW,HIGH
27104,36.093687,-80.323532,327.50231040371966,28485,LOW,HIGH
27105,36.163377,-80.233787,325.78474241295237,39568,LOW,HIGH
27106,36.14391,-80.323157,330.8119383682802,45015,LOW,HIGH
27107,36.01315800000001,-80.17549100000002,311.47663648987185,46963,LOW,HIGH
27109,36.133928,-80.277635,326.88560937561186,2539,LOW,LOW
27110,36.08926,-80.22496,320.11161359431856,2127,LOW,LOW
27127,36.020708,-80.27981700000002,319.558132861862,34138,LOW,HIGH
27201,36.034172,-79.484829,265.95368283443986,63,LOW,LOW
27203,35.728464,-79.786527,264.50169110804967,21108,LOW,MEDIUM
27205,35.63825900000001,-79.850866,263.6112782011829,33216,LOW,HIGH
27207,35.607613,-79.390517,227.86249975519854,3795,MEDIUM,LOW
27208,35.56323,-79.542928,235.9085387390283,1676,MEDIUM,LOW
27209,35.343102,-79.753442,239.31158530926052,3933,MEDIUM,LOW
27212,36.480967,-79.27985600000002,292.3842674498776,2580,LOW,LOW
27214,36.206055,-79.671126,291.3128739375535,10294,LOW,MEDIUM
27215,36.027099,-79.491799,265.83671309186656,38807,LOW,HIGH
27217,36.190945,-79.380185,272.4148735595788,36954,LOW,HIGH
27229,35.26563200000001,-79.775733,237.23050313738236,3929,MEDIUM,LOW
27231,36.207715,-79.16941899999998,261.9998381393879,2148,LOW,LOW
27233,35.892512,-79.70498,269.87938586119907,3390,LOW,LOW
27235,36.089272,-80.01254499999997,305.1452770500177,4136,LOW,LOW
27239,35.60066,-80.090226,279.860112190476,9079,LOW,LOW
27242,35.329657,-79.648955,230.2559347508208,2100,MEDIUM,LOW
27243,36.066916,-79.198148,251.33005606920196,4337,LOW,LOW
27244,36.215377,-79.48637,280.7352714749702,14173,LOW,MEDIUM
27248,35.783296,-79.71633100000003,263.0702454372745,4524,LOW,LOW
27249,36.154141,-79.582389,281.6198671810119,12486,LOW,MEDIUM
27252,35.566614,-79.349758,222.14282736071365,2003,MEDIUM,LOW
27253,35.96616599999999,-79.347351,251.90869110064344,29827,LOW,HIGH
27258,36.01080200000001,-79.291198,252.09756079722249,6006,LOW,LOW
27260,35.954467,-79.987882,294.0698803176139,24023,LOW,MEDIUM
27262,35.963132,-80.04165400000002,298.5025616412492,23934,LOW,MEDIUM
27263,35.911522,-79.936799,287.51449606003024,21414,LOW,MEDIUM
27265,36.012305,-80.03094899999998,301.0738016262527,46690,LOW,HIGH
27278,36.090195,-79.086929,247.11587321733134,24286,MEDIUM,MEDIUM
27281,35.187442,-79.62511500000002,221.13642338588622,3100,MEDIUM,LOW
27282,35.988957,-79.928282,292.2255639283554,15906,LOW,MEDIUM
27283,35.951474,-79.635418,269.4290417792961,3141,LOW,LOW
27284,36.116121,-80.08186500000002,311.8542837802389,51136,LOW,HIGH
27288,36.497645,-79.750015,319.883570609826,24071,LOW,MEDIUM
27291,36.418316,-79.168428,280.9869155686369,1662,LOW,LOW
27292,35.738325,-80.20754699999998,296.7864339982969,39787,LOW,HIGH
27295,35.871767,-80.31018,312.51331602877633,37211,LOW,HIGH
27298,35.885115,-79.567545,259.95707161783287,10336,LOW,MEDIUM
27299,35.752324,-80.386149,311.44030698874076,5190,LOW,LOW
27301,36.11351,-79.66565600000001,283.7071448494578,8750,LOW,LOW
27302,36.14203,-79.266181,261.6608361007949,26412,LOW,HIGH
27305,36.526805,-79.233755,294.2538789074569,1685,LOW,LOW
27306,35.225229,-79.980186,252.29923912344395,6176,LOW,LOW
27310,36.174072,-79.992233,309.853702369429,6710,LOW,LOW
27311,36.479651,-79.472563,302.5177859248917,3402,LOW,LOW
27312,35.756405,-79.209789,226.60028844437915,18306,MEDIUM,MEDIUM
27313,35.930899,-79.75824200000002,276.29716906310455,6962,LOW,LOW
27314,36.31036,-79.19625,272.6003947566175,1051,LOW,LOW
27315,36.51019,-79.403541,301.4901255432455,2243,LOW,LOW
27316,35.697013,-79.625793,250.7504894210271,6650,LOW,LOW
27317,35.840737,-79.802499,273.12393680403034,16959,LOW,MEDIUM
27320,36.341643,-79.657526,301.4366218860729,39351,LOW,HIGH
27325,35.463087,-79.584091,232.76527971668037,6704,MEDIUM,LOW
27326,36.464116,-79.556845,305.86718229188915,4008,LOW,LOW
27330,35.514408,-79.195453,207.6262372528507,37947,MEDIUM,HIGH
27332,35.384704,-79.137215,194.54336391722535,30236,MEDIUM,HIGH
27340,35.945873,-79.317167,248.4001112742104,120,MEDIUM,LOW
27341,35.52375900000001,-79.695909,244.92848003515917,5360,MEDIUM,LOW
27343,36.503728,-79.09147800000002,285.19384192859866,1716,LOW,LOW
27344,35.722265,-79.43369100000002,238.97211587356884,18022,MEDIUM,MEDIUM
27349,35.901313,-79.416062,251.16442597842035,5511,LOW,LOW
27350,35.808253,-79.88821300000002,277.1364516275982,6530,LOW,LOW
27355,35.79496599999999,-79.574007,253.8661303723058,2660,LOW,LOW
27356,35.43686500000001,-79.804272,248.35555890827004,3205,MEDIUM,LOW
27357,36.2666,-79.970625,315.2848525989252,7894,LOW,LOW
27358,36.228232,-79.880061,306.4351223694107,14075,LOW,MEDIUM
27360,35.86058,-80.099288,296.01883463040457,46084,LOW,HIGH
27370,35.80928,-79.978025,283.7895511757157,15052,LOW,MEDIUM
27371,35.406855,-79.968144,259.85274595288223,8132,LOW,LOW
27376,35.239166,-79.53506,216.38872306123002,9386,MEDIUM,LOW
27377,36.042675,-79.608729,274.55709517709965,7104,LOW,LOW
27379,36.374099,-79.334513,285.68249598953093,4661,LOW,LOW
27401,36.06914,-79.765159,286.855939379401,21932,LOW,MEDIUM
27403,36.065973,-79.824383,290.5927184503319,21958,LOW,MEDIUM
27405,36.114921,-79.73703,288.45067317037274,44567,LOW,HIGH
27406,36.000542,-79.764677,281.76136695095306,56458,LOW,HIGH
27407,36.008599,-79.87816,290.11873153250184,46242,LOW,HIGH
27408,36.103667,-79.813712,292.66705116811147,17296,LOW,MEDIUM
27409,36.103729,-79.93983,301.1785613000295,15621,LOW,MEDIUM
27410,36.117523,-79.894239,299.0916276395565,52388,LOW,HIGH
27455,36.18750900000001,-79.817677,299.2562276590663,28706,LOW,HIGH
27501,35.484941,-78.68457,172.02054771300777,17571,MEDIUM,MEDIUM
27502,35.71525,-78.920992,205.3691776744564,30831,MEDIUM,HIGH
27503,36.152948,-78.884485,242.326419911703,3471,MEDIUM,LOW
27504,35.400309,-78.51827800000002,155.10157327222316,14566,MEDIUM,MEDIUM
27505,35.423475,-79.001029,187.63907366278747,5896,MEDIUM,LOW
27507,36.513542,-78.56949399999998,264.63166890908326,1929,LOW,LOW
27508,35.956874,-78.248144,196.4187941894031,2053,MEDIUM,LOW
27509,36.11864,-78.781001,234.1436425958229,10167,MEDIUM,MEDIUM
27510,35.91578300000001,-79.082604,231.77531152061798,14644,MEDIUM,MEDIUM
27511,35.76341400000001,-78.788528,201.9316594671336,32029,MEDIUM,HIGH
27513,35.80210200000001,-78.802719,206.1294871065607,40755,MEDIUM,HIGH
27514,35.96674,-79.049419,234.23807125191146,32110,MEDIUM,HIGH
27516,35.906197,-79.154855,235.24352289639927,36139,MEDIUM,HIGH
27517,35.850468,-79.023121,222.77110911024647,23346,MEDIUM,MEDIUM
27518,35.731139,-78.773206,198.2459488240772,19630,MEDIUM,MEDIUM
27519,35.80857800000001,-78.883326,211.15716939474194,39178,MEDIUM,HIGH
27520,35.619732,-78.477026,172.60952125197534,36357,MEDIUM,HIGH
27521,35.412121,-78.655865,164.25284178748163,6035,MEDIUM,LOW
27522,36.105618,-78.675202,228.06727126323858,12335,MEDIUM,MEDIUM
27523,35.773618,-78.956926,212.39775078129304,9552,MEDIUM,LOW
27524,35.394563,-78.38759499999998,147.377725272659,12338,LOW,MEDIUM
27525,36.13610900000001,-78.45809799999998,222.19379055672962,13338,MEDIUM,MEDIUM
27526,35.54401,-78.829824,185.71420444759573,38894,MEDIUM,HIGH
27527,35.653948,-78.381715,171.34275112029536,18216,MEDIUM,MEDIUM
27529,35.655625,-78.584906,181.3831363010414,42128,MEDIUM,HIGH
27530,35.381174,-78.06251400000002,131.02733028986276,40117,LOW,HIGH
27531,35.342994,-77.964411,123.53090762360357,594,LOW,LOW
27534,35.37347800000001,-77.896666,124.50855144795499,31364,LOW,HIGH
27536,36.326731,-78.409125,239.97460686797098,17289,MEDIUM,MEDIUM
27537,36.371801,-78.397878,244.28184323330532,24319,MEDIUM,MEDIUM
27539,35.676537,-78.81344399999998,195.79059543404085,18692,MEDIUM,MEDIUM
27540,35.615062,-78.891559,195.30293490640577,29363,MEDIUM,HIGH
27541,36.264862,-79.083217,262.6024441196109,3770,LOW,LOW
27542,35.618293,-78.136838,157.81270113781065,9133,MEDIUM,LOW
27544,36.19973,-78.446559,228.22547426241775,4449,MEDIUM,LOW
27545,35.78372,-78.478238,188.19680079888903,23006,MEDIUM,MEDIUM
27546,35.385317,-78.862107,175.3911690338114,19471,MEDIUM,MEDIUM
27549,36.101663,-78.232233,210.94777873259085,24112,MEDIUM,MEDIUM
27551,36.432843,-78.05017,241.64403057952725,1962,MEDIUM,LOW
27553,36.4865,-78.30279300000002,253.47773248014332,2937,LOW,LOW
27555,35.562683,-78.204133,154.79160307262939,441,MEDIUM,LOW
27556,36.40839,-78.314748,245.57671554902166,346,MEDIUM,LOW
27557,35.779135,-78.198512,176.4434595524012,7509,MEDIUM,LOW
27559,35.628213,-79.102818,209.74558056717763,2288,MEDIUM,LOW
27560,35.857892,-78.827698,212.4450227842011,22623,MEDIUM,MEDIUM
27562,35.640448,-78.990037,203.4680980675606,1938,MEDIUM,LOW
27563,36.41571,-78.229388,243.99310923848788,5008,MEDIUM,LOW
27565,36.361651,-78.64895200000002,252.18073791348402,25255,LOW,HIGH
27568,35.510124,-78.245099,151.34294399942607,480,MEDIUM,LOW
27569,35.429065,-78.182749,140.72503897611358,8022,LOW,LOW
27571,35.91949,-78.45803599999998,200.54906747299833,3893,MEDIUM,LOW
27572,36.255106,-78.877494,251.6070660680927,6546,LOW,LOW
27573,36.396597,-78.976099,269.6387252170836,11414,LOW,MEDIUM
27574,36.478361,-78.86491099999998,272.5600900774722,14373,LOW,MEDIUM
27576,35.577524,-78.26131099999998,158.63133472647445,17091,MEDIUM,MEDIUM
27577,35.489638,-78.332894,153.4005153887386,22911,MEDIUM,MEDIUM
27581,36.19960800000001,-78.728985,239.54176361024423,3049,MEDIUM,LOW
27582,36.467324,-78.576588,260.1561524877838,289,LOW,LOW
27583,36.292958,-78.935362,257.9134722401231,6921,LOW,LOW
27587,35.986719,-78.554351,211.2281610925767,53078,MEDIUM,HIGH
27589,36.322541,-78.133484,231.62900977645177,8370,MEDIUM,LOW
27591,35.78417,-78.388983,184.3337640809848,19589,MEDIUM,MEDIUM
27592,35.557356,-78.67224499999998,177.4455799282752,15244,MEDIUM,MEDIUM
27596,35.999902,-78.435089,207.61193886077254,15619,MEDIUM,MEDIUM
27597,35.84101500000001,-78.30268000000002,186.5403789803833,22181,MEDIUM,MEDIUM
27601,35.773632,-78.634457,194.7293777641844,9450,MEDIUM,LOW
27603,35.664418,-78.652751,185.76185109252611,47033,MEDIUM,HIGH
27604,35.822789,-78.56164799999998,195.77986550452076,42204,MEDIUM,HIGH
27605,35.790609,-78.65459399999997,197.3105612311021,4495,MEDIUM,LOW
27606,35.742323,-78.715478,196.09513856807882,43210,MEDIUM,HIGH
27607,35.813106,-78.721175,202.78225670458536,25188,MEDIUM,HIGH
27608,35.809046,-78.647228,198.64244097955802,10429,MEDIUM,MEDIUM
27609,35.84376500000001,-78.633643,201.2037459533949,32964,MEDIUM,HIGH
27610,35.7444,-78.546278,187.6502770145106,65648,MEDIUM,HIGH
27612,35.855753,-78.707038,205.95963535903985,35028,MEDIUM,HIGH
27613,35.926102,-78.711414,212.69608220033197,42690,MEDIUM,HIGH
27614,35.94592700000001,-78.61949200000002,210.19635398275997,31516,MEDIUM,HIGH
27615,35.8985,-78.635485,206.43798318173467,42166,MEDIUM,HIGH
27616,35.866734,-78.541216,199.03079626651416,42294,MEDIUM,HIGH
27617,35.907875,-78.77296,214.09585620713727,15199,MEDIUM,MEDIUM
27701,35.99924,-78.897944,228.87497735570423,21288,MEDIUM,MEDIUM
27703,35.95925300000001,-78.806827,220.53106355185312,41937,MEDIUM,HIGH
27704,36.04244600000001,-78.828771,229.3056127255201,34517,MEDIUM,HIGH
27705,36.022136,-78.975659,235.04902196967453,46282,MEDIUM,HIGH
27707,35.954525,-78.953317,227.83311948698105,45023,MEDIUM,HIGH
27709,35.924393,-78.832764,218.6928273663402,1047,MEDIUM,LOW
27712,36.095476,-78.904083,237.97318086073054,20035,MEDIUM,MEDIUM
27713,35.89504,-78.92374699999998,220.96637139052348,46660,MEDIUM,HIGH
27801,35.913445,-77.7257,179.44184705581324,21740,MEDIUM,MEDIUM
27803,35.903051,-77.856172,180.35252930055915,21227,MEDIUM,MEDIUM
27804,35.98914600000001,-77.842675,189.49349616998094,29058,MEDIUM,HIGH
27805,36.207741,-77.084248,212.99785200116688,3992,MEDIUM,LOW
27806,35.304999,-76.756067,126.93600176958522,2331,LOW,LOW
27807,35.80451400000001,-78.095537,175.69150954708908,6629,MEDIUM,LOW
27808,35.467089,-76.759752,142.6643619917807,2225,LOW,LOW
27809,36.01677700000001,-77.741619,191.01910208272807,5091,MEDIUM,LOW
27810,35.531731,-76.52550600000002,159.32473538159266,4377,MEDIUM,LOW
27812,35.815619,-77.36924,166.95807548717187,2593,MEDIUM,LOW
27813,35.634699,-77.937717,153.27466548773748,747,MEDIUM,LOW
27814,35.398663,-76.918808,129.80630146642974,1676,LOW,LOW
27816,36.108992,-78.070319,207.2385389095068,2516,MEDIUM,LOW
27817,35.447982,-77.072002,130.54325827574823,7358,LOW,LOW
27818,36.499725,-77.018505,245.98833104415212,1344,MEDIUM,LOW
27819,35.815994,-77.454941,166.84035526938203,330,MEDIUM,LOW
27820,36.421515,-77.241567,234.9286950688359,3088,MEDIUM,LOW
27821,35.322066,-76.874087,123.63306662553646,358,LOW,LOW
27822,35.807012,-77.840457,169.61359469980485,8143,MEDIUM,LOW
27823,36.209653,-77.71373299999998,211.97348520505838,8201,MEDIUM,LOW
27824,35.513209,-76.037172,185.25157166854189,1476,MEDIUM,LOW
27825,35.832804,-77.174424,170.5565652881549,103,MEDIUM,LOW
27826,35.595458,-76.206221,181.91346663706327,1379,MEDIUM,LOW
27827,35.696636,-77.513239,153.67704459805594,33,MEDIUM,LOW
27828,35.585152,-77.57719399999998,141.64946921859735,9071,LOW,LOW
27829,35.683966,-77.626467,153.00941388013558,1930,MEDIUM,LOW
27830,35.564168,-77.95030899999998,146.14740605639744,4755,LOW,LOW
27831,36.463087,-77.570553,239.0448441681377,3908,MEDIUM,LOW
27832,36.519809,-77.740128,246.51015348353945,2847,MEDIUM,LOW
27834,35.657296,-77.379187,149.33091060538598,52914,LOW,HIGH
27837,35.513865,-77.2046,135.10345361657176,5903,LOW,LOW
27839,36.284912,-77.55688,219.19739864990467,4001,MEDIUM,LOW
27840,35.982689,-77.21459899999998,186.60205071286956,514,MEDIUM,LOW
27841,35.908501,-77.276319,177.8255308421284,84,MEDIUM,LOW
27842,36.526749,-77.851988,248.56056937108048,1493,MEDIUM,LOW
27843,35.99556,-77.39999,186.8608642177281,1157,MEDIUM,LOW
27844,36.249497,-77.943156,219.6595441048534,2950,MEDIUM,LOW
27845,36.371267,-77.43999000000002,228.58492863374084,2394,MEDIUM,LOW
27846,35.758568,-76.897527,168.14077775846027,2988,MEDIUM,LOW
27847,36.183169,-77.19466800000002,208.95344557284267,936,MEDIUM,LOW
27849,36.077306,-77.215025,197.0519519605668,1544,MEDIUM,LOW
27850,36.412391,-77.880191,236.40234445072704,7247,MEDIUM,LOW
27851,35.64008300000001,-78.03067800000002,156.50559622736617,5268,MEDIUM,LOW
27852,35.750459,-77.636931,160.4617032426368,2977,MEDIUM,LOW
27853,36.50858,-77.28562600000002,244.30387334061217,673,MEDIUM,LOW
27855,36.415601,-77.069301,236.0444367263145,6456,MEDIUM,LOW
27856,36.01368,-77.980574,194.8922585713593,17141,MEDIUM,MEDIUM
27857,35.972793,-77.286253,184.87217735720702,1298,MEDIUM,LOW
27858,35.53175,-77.283888,136.0740416078605,55781,LOW,HIGH
27860,35.650061,-76.676197,164.2649607312848,2246,MEDIUM,LOW
27861,35.814846,-77.320207,167.1271694739229,71,MEDIUM,LOW
27862,36.490175,-77.188291,242.96175188437113,877,MEDIUM,LOW
27863,35.488144,-77.97173000000002,138.80691922355098,11735,LOW,MEDIUM
27864,35.807034,-77.651372,166.85719450467343,4779,MEDIUM,LOW
27865,35.656239,-76.851605,158.71609408664503,1927,MEDIUM,LOW
27866,36.519869,-77.514565,245.1778191156623,855,MEDIUM,LOW
27869,36.267105,-77.31343299999997,217.35237485650762,2258,MEDIUM,LOW
27870,36.418933,-77.71576,235.12529899789303,27236,MEDIUM,HIGH
27871,35.802069,-77.260565,166.18397119862354,4619,MEDIUM,LOW
27872,36.192755,-77.253865,209.48852784530933,375,MEDIUM,LOW
27873,35.653592,-77.77523199999997,151.71028873813128,397,MEDIUM,LOW
27874,36.130108,-77.393225,201.83247337318053,4861,MEDIUM,LOW
27875,35.455706,-76.504667,153.29746483630936,517,MEDIUM,LOW
27876,36.471995,-77.39133199999998,239.8418260359886,1302,MEDIUM,LOW
27878,35.86688,-77.834929,176.02455245694924,1931,MEDIUM,LOW
27879,35.574391,-77.279486,140.83036528238586,311,LOW,LOW
27880,35.730736,-78.080589,167.52087220245775,3304,MEDIUM,LOW
27881,35.978414,-77.436573,184.90372430642938,61,MEDIUM,LOW
27882,35.941655,-78.11559799999998,190.68630727689987,7413,MEDIUM,LOW
27883,35.600536,-77.803696,146.48066641201052,3565,LOW,LOW
27884,35.70352000000001,-77.266635,155.22968043142635,1282,MEDIUM,LOW
27885,35.386414,-76.28585600000002,159.54227077075114,984,MEDIUM,LOW
27886,35.904533,-77.511658,176.77496545294585,21591,MEDIUM,MEDIUM
27888,35.589277,-77.71595,143.6952910351872,2560,LOW,LOW
27889,35.582322,-77.012337,146.38460558626434,27468,LOW,HIGH
27890,36.41418,-77.587745,233.69101554922418,2521,MEDIUM,LOW
27891,36.097735,-77.742789,199.9501504724966,5227,MEDIUM,LOW
27892,35.812319,-77.05163,170.32576009218377,15182,MEDIUM,MEDIUM
27893,35.688948,-77.896676,158.04874011213607,39723,MEDIUM,HIGH
27896,35.790766,-77.976733,170.90813446078988,20130,MEDIUM,MEDIUM
27897,36.324988,-77.210701,224.48558976837532,2265,MEDIUM,LOW
27909,36.288605,-76.268734,244.1572030255225,40699,MEDIUM,HIGH
27910,36.290066,-76.993185,223.42528519771054,12007,MEDIUM,MEDIUM
27915,35.33695,-75.517266,209.77364099314718,777,MEDIUM,LOW
27916,36.322012,-75.915131,262.96957646781624,747,LOW,LOW
27917,36.355145,-75.99748100000002,262.2581003768391,833,LOW,LOW
27919,36.308171,-76.504283,237.58605836816417,1130,MEDIUM,LOW
27920,35.259518,-75.553269,202.4932376938968,1326,MEDIUM,LOW
27921,36.352062,-76.187929,253.718413786165,4805,LOW,LOW
27922,36.316755,-76.84221,229.24221231474561,1030,MEDIUM,LOW
27923,36.396245,-75.931116,269.2302540739869,598,LOW,LOW
27924,36.168447,-76.832521,213.5138827981813,3140,MEDIUM,LOW
27925,35.856141,-76.193837,205.90787462516099,4217,MEDIUM,LOW
27926,36.505115,-76.604925,255.21289910710024,1915,LOW,LOW
27927,36.341348,-75.852576,267.8132016624582,542,LOW,LOW
27928,35.824539,-76.43865600000002,191.35391891792003,1986,MEDIUM,LOW
27929,36.433134,-75.988221,270.1713605467985,1166,LOW,LOW
27932,36.100786,-76.610814,212.62856700318392,12562,MEDIUM,MEDIUM
27935,36.431079,-76.868092,241.06813772601765,1698,MEDIUM,LOW
27936,35.23942299999999,-75.564581,200.47455160724567,1091,MEDIUM,LOW
27937,36.504334,-76.780733,250.81205460655636,4333,LOW,LOW
27938,36.384296,-76.71600000000001,239.45744556683096,1505,MEDIUM,LOW
27939,36.238431,-75.84308399999998,258.7991977399986,2361,LOW,LOW
27941,36.102528,-75.816896,247.95077950885806,536,MEDIUM,LOW
27942,36.297368,-76.750654,229.30882758621664,901,MEDIUM,LOW
27943,35.224432,-75.678903,190.70751003968797,504,MEDIUM,LOW
27944,36.173431,-76.42126400000002,226.7063776374987,11909,MEDIUM,MEDIUM
27946,36.363435,-76.601536,240.35041453027472,1207,MEDIUM,LOW
27947,36.216959,-75.89157800000002,254.3677378763218,1230,LOW,LOW
27948,36.019229,-75.692172,247.7907801620899,10862,MEDIUM,MEDIUM
27949,36.108909,-75.760514,251.60620218839702,6947,LOW,LOW
27950,36.509694,-75.996382,277.2395336932122,2006,LOW,LOW
27953,35.779985,-75.881366,216.54563222565747,1021,MEDIUM,LOW
27954,35.910154,-75.67778100000002,239.5976822958653,6111,MEDIUM,LOW
27956,36.401576,-76.000725,266.57121186839885,340,LOW,LOW
27957,36.066297,-76.759059,204.53324587836332,1356,MEDIUM,LOW
27958,36.484298,-76.13835,268.8388106773648,10144,LOW,MEDIUM
27959,35.886943,-75.606402,242.1590694471349,2789,MEDIUM,LOW
27960,35.073231,-75.998527,157.1488907568267,948,MEDIUM,LOW
27962,35.790464,-76.744743,176.1021339106587,7792,MEDIUM,LOW
27964,36.083046,-75.806214,246.81494254782447,545,MEDIUM,LOW
27965,36.292401,-75.93087299999998,259.43440496648,527,LOW,LOW
27966,36.149743,-75.802262,252.93549613483296,1052,LOW,LOW
27967,36.229468,-76.904956,218.4821393219718,366,MEDIUM,LOW
27968,35.732418,-75.509908,236.66835190810195,298,MEDIUM,LOW
27970,35.83914,-76.65040400000002,184.3606322911263,3409,MEDIUM,LOW
27972,35.552458,-75.471299,226.78959644706987,244,MEDIUM,LOW
27973,36.371209,-76.055514,261.21019902537665,1323,LOW,LOW
27974,36.243022,-75.98950500000002,251.9833569942425,1285,LOW,LOW
27976,36.487866,-76.350687,261.2709613299186,3449,LOW,LOW
27978,35.727405,-75.73987199999998,221.08990317653476,225,MEDIUM,LOW
27979,36.436768,-76.56067900000002,249.251190751554,1719,MEDIUM,LOW
27980,36.245324,-76.619385,227.42387346653817,2182,MEDIUM,LOW
27981,35.852855,-75.637424,237.4954125513897,1643,MEDIUM,LOW
27982,35.56523499999999,-75.4661,228.01824568387607,82,MEDIUM,LOW
27983,35.97046,-76.921871,190.16717618457147,10416,MEDIUM,MEDIUM
27985,36.211603,-76.45667399999998,229.28913865319706,283,MEDIUM,LOW
27986,36.389005,-76.918212,235.53670754553264,2430,MEDIUM,LOW
28001,35.338552,-80.208179,276.28620745517736,26760,LOW,HIGH
28006,35.410444,-81.092252,353.9184054036724,1130,LOW,LOW
28007,35.10459,-80.109911,258.506206311013,611,LOW,LOW
28009,35.407846,-80.10719499999998,271.1828535427619,1121,LOW,LOW
28012,35.211504,-81.037865,342.5643532701357,20048,LOW,MEDIUM
28016,35.314932,-81.283292,367.17110723875464,13463,LOW,MEDIUM
28017,35.247082,-81.670682,399.14259947598225,695,LOW,LOW
28018,35.48572700000001,-81.790396,416.6562015979192,5562,LOW,LOW
28019,35.276702,-81.787707,410.247082128309,123,LOW,LOW
28020,35.525046,-81.641413,405.11738883653925,2322,LOW,LOW
28021,35.400774,-81.403346,380.3670453591654,13612,LOW,MEDIUM
28023,35.567714,-80.60225799999998,319.2988557862972,14175,LOW,MEDIUM
28025,35.382677,-80.52346700000002,304.54845142068626,49160,LOW,HIGH
28027,35.406991,-80.685957,319.2317609986034,55435,LOW,HIGH
28031,35.472097,-80.900358,339.9579849931552,24390,LOW,MEDIUM
28032,35.233033,-81.079513,346.8601950878353,3105,LOW,LOW
28033,35.41927000000001,-81.328253,374.5078623560645,2749,LOW,LOW
28034,35.353664,-81.178943,359.3883973948083,16642,LOW,MEDIUM
28036,35.48054699999999,-80.792539,331.22951707091823,14654,LOW,MEDIUM
28037,35.495708,-81.018394,350.87446413534917,18287,LOW,MEDIUM
28039,35.678835,-80.437427,311.5060361319539,116,LOW,LOW
28040,35.389195,-81.758135,410.8382729224396,7969,LOW,LOW
28043,35.306241,-81.8726,418.5159019369511,21055,LOW,MEDIUM
28052,35.214656,-81.233227,359.7639557345445,34932,LOW,HIGH
28054,35.262879,-81.149075,353.85110874061513,36270,LOW,HIGH
28056,35.216936,-81.125003,350.34805261318144,31418,LOW,HIGH
28071,35.51763,-80.316291,293.55755432188386,2802,LOW,LOW
28072,35.61407,-80.445205,308.788446741317,1357,LOW,LOW
28073,35.198574,-81.48378100000002,381.36862322193736,5621,LOW,LOW
28075,35.302748,-80.639937,311.25042978985783,16143,LOW,MEDIUM
28076,35.259155,-81.788612,409.86414665746673,722,LOW,LOW
28077,35.40480200000001,-81.20277,363.20256645346853,482,LOW,LOW
28078,35.405286,-80.86402,334.24708012077605,52133,LOW,HIGH
28079,35.114709999999995,-80.60042299999998,301.3736779621237,31979,LOW,HIGH
28080,35.456746,-81.105685,356.77849717206453,7299,LOW,LOW
28081,35.502816,-80.67017299999998,321.9606649031241,25190,LOW,HIGH
28083,35.48960200000001,-80.580668,313.9430107636266,23820,LOW,MEDIUM
28086,35.244245,-81.377832,373.30241310644675,25895,LOW,HIGH
28088,35.544276,-80.614646,319.2287534851332,2862,LOW,LOW
28089,35.318233,-81.65957399999998,400.133320449147,248,LOW,LOW
28090,35.454659,-81.559555,395.6653638027578,8342,LOW,LOW
28091,34.987392,-79.933002,239.12363633003295,2158,MEDIUM,LOW
28092,35.485761,-81.25455799999997,370.56078418300854,38570,LOW,HIGH
28097,35.296714,-80.393052,290.0267609379115,5369,LOW,LOW
28098,35.271135,-81.100787,349.90626674041994,3579,LOW,LOW
28101,35.258099,-81.078063,347.5154450348396,698,LOW,LOW
28102,34.818432,-79.97226500000002,237.6544330640859,78,MEDIUM,LOW
28103,34.998933,-80.351309,276.059875869284,10311,LOW,MEDIUM
28104,35.060568,-80.692836,307.8731704383797,28040,LOW,HIGH
28105,35.115565999999994,-80.713926,311.3260896516922,39586,LOW,HIGH
28107,35.252964,-80.518034,298.96807661536855,6422,LOW,LOW
28108,34.934781,-80.68118299999998,303.59033495841356,54,LOW,LOW
28109,35.496966,-80.28853000000002,290.2888651224702,387,LOW,LOW
28110,35.066044,-80.509089,291.89431585866754,50365,LOW,HIGH
28112,34.889925,-80.549548,290.812861360026,26311,LOW,HIGH
28114,35.230441,-81.747702,405.50862619709045,7554,LOW,LOW
28115,35.58591,-80.772464,334.14601271072354,34339,LOW,HIGH
28117,35.565695,-80.898335,343.6951512405385,35454,LOW,HIGH
28119,34.851078,-80.01698499999998,242.4565934232101,2801,MEDIUM,LOW
28120,35.328685,-81.026385,345.36500038810493,19807,LOW,MEDIUM
28124,35.399738,-80.408631,295.6695664764442,6622,LOW,LOW
28125,35.659025,-80.698613,331.5218965670449,2525,LOW,LOW
28127,35.474303000000006,-80.19058100000002,281.22129515009976,7594,LOW,LOW
28128,35.210696,-80.154523,266.374514864102,7476,LOW,LOW
28129,35.231663,-80.327162,281.86516392952757,5399,LOW,LOW
28133,34.844926,-80.265681,264.4398551475449,2878,LOW,LOW
28134,35.087361,-80.89614,326.532240504104,9453,LOW,LOW
28135,35.02976,-80.217276,265.2574698009443,6123,LOW,LOW
28137,35.56310900000001,-80.236391,289.417925814114,3120,LOW,LOW
28138,35.514441,-80.437354,303.2741780367994,10495,LOW,MEDIUM
28139,35.348363,-81.994737,430.402677768945,20111,LOW,MEDIUM
28144,35.706685,-80.464788,315.1521506834965,24734,LOW,MEDIUM
28146,35.619243,-80.393345,304.8853654299514,27614,LOW,HIGH
28147,35.68105999999999,-80.56301500000002,321.65950869243545,24697,LOW,MEDIUM
28150,35.342703,-81.57624799999998,393.5620994595565,28098,LOW,HIGH
28152,35.24272,-81.599412,392.7439321723584,24735,LOW,MEDIUM
28159,35.694752,-80.431873,311.90724182567266,3108,LOW,LOW
28160,35.361006,-81.922332,424.3915989379986,3929,LOW,LOW
28163,35.207494,-80.428517,289.621450827177,5233,LOW,LOW
28164,35.389444,-81.03713499999998,348.4342347643818,14085,LOW,MEDIUM
28166,35.680343,-80.868179,346.374506400112,8619,LOW,LOW
28167,35.506751,-81.967285,432.6649977713789,2362,LOW,LOW
28168,35.55236,-81.425071,387.58128751233636,10230,LOW,MEDIUM
28169,35.35847000000001,-81.429395,381.2538239651108,173,LOW,LOW
28170,34.998714,-80.09878499999998,253.9298575124428,12355,LOW,MEDIUM
28173,34.916155,-80.731415,307.64480652072285,45097,LOW,HIGH
28174,34.969035,-80.43958,283.00561305568306,8608,LOW,LOW
28202,35.227271,-80.84419399999999,326.1932665580926,11195,LOW,MEDIUM
28203,35.208185,-80.859107,326.8719086695913,11315,LOW,MEDIUM
28204,35.21462000000001,-80.827014,324.2886393636609,4796,LOW,LOW
28205,35.218791,-80.789601,321.1771366955721,43931,LOW,HIGH
28206,35.256127,-80.820999,325.14676509103754,11898,LOW,MEDIUM
28207,35.194148,-80.824585,323.41942834837374,9280,LOW,LOW
28208,35.230466,-80.90724300000002,331.77372138999897,34167,LOW,HIGH
28209,35.178714,-80.853985,325.4982813406834,20317,LOW,MEDIUM
28210,35.130509,-80.856685,324.2830289453891,42263,LOW,HIGH
28211,35.166342,-80.797285,320.165456730577,28523,LOW,HIGH
28212,35.187703000000006,-80.744556,316.2492984827191,38457,LOW,HIGH
28213,35.285986,-80.734388,318.72580613358355,37309,LOW,HIGH
28214,35.275252,-80.968144,338.5243939232926,34721,LOW,HIGH
28215,35.244979,-80.693471,313.7520918071799,53629,LOW,HIGH
28216,35.312103,-80.888711,332.92423673649506,47208,LOW,HIGH
28217,35.168896000000004,-80.90828499999998,329.94385268063496,24204,LOW,MEDIUM
28226,35.102697,-80.822129,320.44405969379415,37286,LOW,HIGH
28227,35.189567,-80.64540799999997,307.70351313511736,49635,LOW,HIGH
28244,35.224605,-80.843094,326.0105548540061,0,LOW,LOW
28262,35.322061,-80.739981,320.52228521478486,37547,LOW,HIGH
28269,35.337313,-80.803472,326.51807688185426,71048,LOW,HIGH
28270,35.112079,-80.764415,315.64769343655314,31525,LOW,HIGH
28273,35.127358,-80.946846,332.1120096316277,31478,LOW,HIGH
28277,35.052875,-80.817552,318.6614687392968,59664,LOW,HIGH
28278,35.133432,-81.009357,337.78231869683,19283,LOW,MEDIUM
28280,35.226332,-80.843091,326.06677374037224,10,LOW,LOW
28282,35.224815,-80.845277,326.20695738934364,0,LOW,LOW
28301,35.0748,-78.88425699999998,155.9817947024712,17165,MEDIUM,MEDIUM
28303,35.085644,-78.959363,162.4227159639142,30909,MEDIUM,HIGH
28304,35.025528,-78.989604,161.45052444657253,37147,MEDIUM,HIGH
28305,35.052609000000004,-78.90724399999998,156.46166669403542,6073,MEDIUM,LOW
28306,34.958495,-78.89684799999998,150.47266027943968,39683,MEDIUM,HIGH
28307,35.138559,-78.981887,167.28226305298253,17631,MEDIUM,MEDIUM
28308,35.17155,-79.017085,171.96261921181963,405,MEDIUM,LOW
28310,35.163471,-79.037914,173.06572641806196,3459,MEDIUM,LOW
28311,35.167792,-78.887741,162.00988152988606,34567,MEDIUM,HIGH
28312,34.947752,-78.73813299999998,137.25975637164828,18538,LOW,MEDIUM
28314,35.052985,-79.029453,166.10345727288174,54520,MEDIUM,HIGH
28315,35.117305,-79.43153199999998,201.8936998518688,11681,MEDIUM,MEDIUM
28318,35.019873,-78.613574,132.1549545134728,4627,LOW,LOW
28320,34.558122,-78.772715,124.30318088411423,9229,LOW,LOW
28323,35.314791,-78.834376,168.3028853584013,3182,MEDIUM,LOW
28325,35.153921999999994,-78.104138,110.7593662072861,508,HIGH,LOW
28326,35.269047,-79.154689,188.3685773869922,17646,MEDIUM,MEDIUM
28327,35.354616,-79.416494,213.47723674371437,15433,MEDIUM,MEDIUM
28328,35.003503,-78.337924,111.59296562041804,27042,HIGH,HIGH
28330,34.909596,-79.82198000000002,226.92902290684117,346,MEDIUM,LOW
28332,34.659049,-78.737911,124.10185224512642,482,LOW,LOW
28333,35.286131,-78.01737299999998,119.72759052863174,11830,HIGH,MEDIUM
28334,35.272208,-78.568104,147.46798526751132,24908,LOW,MEDIUM
28337,34.657047,-78.561559,108.76046307436208,10670,HIGH,MEDIUM
28338,35.107513,-79.759641,228.77199656398176,4607,MEDIUM,LOW
28339,35.31054,-78.732747,161.12802874502788,6751,MEDIUM,LOW
28340,34.471354,-79.134422,155.56028898280667,10765,MEDIUM,MEDIUM
28341,35.119876,-78.174437,111.2999679440652,4257,HIGH,LOW
28342,35.191183,-78.651262,146.73744316443168,298,LOW,LOW
28343,34.757362,-79.564875,199.8849774163596,1685,MEDIUM,LOW
28344,35.160499,-78.624575,142.66775440718126,3415,LOW,LOW
28345,34.870289,-79.66572099999998,212.02320952121343,12592,MEDIUM,MEDIUM
28347,35.062265999999994,-79.631662,216.09038323972956,1983,MEDIUM,LOW
28348,34.914974,-78.92702,150.7372854565043,33307,MEDIUM,HIGH
28349,34.981159000000005,-77.927059,85.93739272956999,3724,HIGH,LOW
28350,35.24315900000001,-79.314018,199.07730921798617,305,MEDIUM,LOW
28351,34.84827,-79.563854,202.4152760592579,4759,MEDIUM,LOW
28352,34.767842,-79.45173,190.15025233472923,25641,MEDIUM,HIGH
28356,35.23702,-78.790396,159.66939135120182,5018,MEDIUM,LOW
28357,34.901888,-79.082766,163.06542383633513,3125,MEDIUM,LOW
28358,34.607857,-78.934772,139.9879606599218,38738,LOW,HIGH
28360,34.670328000000005,-79.07494,154.09198256076147,14263,MEDIUM,MEDIUM
28363,34.960782,-79.554662,205.51142237678587,1202,MEDIUM,LOW
28364,34.707928,-79.322676,177.08015721480547,14809,MEDIUM,MEDIUM
28365,35.17256500000001,-78.052357,110.06408428312788,17144,HIGH,MEDIUM
28366,35.23022800000001,-78.362014,131.48840358253585,5061,LOW,LOW
28367,35.172737,-79.725255,228.72436761001504,87,MEDIUM,LOW
28369,34.423373,-79.029416,145.49447279540436,2652,LOW,LOW
28371,34.903171,-78.97957,154.5145113121822,6519,MEDIUM,LOW
28372,34.696872,-79.17761999999998,163.9200773528605,14783,MEDIUM,MEDIUM
28373,35.09347,-79.485597,205.23199273992216,2150,MEDIUM,LOW
28374,35.197454,-79.462959,208.4351930235601,15990,MEDIUM,MEDIUM
28375,34.475744,-79.03855300000002,146.87661351935725,102,LOW,LOW
28376,34.992407,-79.242642,180.4500843313531,37991,MEDIUM,HIGH
28377,34.826879,-79.21324200000002,171.1957192615877,12666,MEDIUM,MEDIUM
28379,34.930279,-79.778633,223.8033070780883,26388,MEDIUM,HIGH
28382,34.971308,-78.517725,121.92023715365094,7056,LOW,LOW
28383,34.576974,-79.26269599999998,168.77872931273203,8080,MEDIUM,LOW
28384,34.796937,-78.961001,148.39893937122457,12097,LOW,MEDIUM
28385,35.050008,-78.47723,124.49342489238121,3029,LOW,LOW
28386,34.853619,-79.129616,165.02471972902012,6319,MEDIUM,LOW
28387,35.179251,-79.376489,200.53919933107778,13921,MEDIUM,MEDIUM
28390,35.219487,-78.955973,170.39657076452025,19942,MEDIUM,MEDIUM
28391,35.021629,-78.698798,138.61937266938463,5302,LOW,LOW
28392,34.735329,-78.800956,132.3062944060102,1579,LOW,LOW
28393,34.981087,-78.18948,100.28565019109529,2005,HIGH,LOW
28394,35.21745,-79.241539,191.95923617072555,5164,MEDIUM,LOW
28395,35.138511,-78.741362,149.36420110525012,2375,LOW,LOW
28396,34.914162,-79.397482,190.2746836191387,2732,MEDIUM,LOW
28398,34.989776,-78.064151,93.70366503386052,8112,HIGH,LOW
28399,34.784523,-78.709012,126.58224719064114,2140,LOW,LOW
28401,34.272145,-77.962018,47.32275913515004,22094,HIGH,MEDIUM
28403,34.221692,-77.88063299999997,40.96365436167681,36063,HIGH,HIGH
28405,34.263182,-77.86638,38.73263241569379,29152,HIGH,HIGH
28409,34.155120000000004,-77.862161,41.915491977263606,31296,HIGH,HIGH
28411,34.30180900000001,-77.793089,31.588675233224254,31962,HIGH,HIGH
28412,34.143756,-77.928152,47.967108331827276,35573,HIGH,HIGH
28420,34.073677,-78.48385,98.8549327096898,3886,HIGH,LOW
28421,34.505123,-78.167047,69.111440192619,1521,HIGH,LOW
28422,34.02637,-78.189312,75.27025957973802,6641,HIGH,LOW
28423,34.308657000000004,-78.39335,86.68428323823295,2290,HIGH,LOW
28424,34.290287,-78.69968100000001,114.86235273422596,128,HIGH,LOW
28425,34.562055,-77.896281,49.2887979552689,10906,HIGH,MEDIUM
28428,34.046841,-77.90965899999998,51.808136428727956,6033,HIGH,LOW
28429,34.341211,-77.900216,41.47940869524812,8026,HIGH,LOW
28430,34.303437,-78.945367,137.39075032978636,1900,LOW,LOW
28431,34.314321,-78.83950300000002,127.65280717541707,7102,LOW,LOW
28432,34.168033,-78.758709,121.45035614135988,1968,LOW,LOW
28433,34.488505,-78.61667299999998,108.78956608074922,5050,HIGH,LOW
28434,34.468325,-78.465485,94.75199393959292,1329,HIGH,LOW
28435,34.405955,-78.109229,61.37928614233935,2490,HIGH,LOW
28436,34.275102000000004,-78.26721500000002,75.2458146779802,2203,HIGH,LOW
28438,34.409483,-78.91884399999998,135.26647637080472,1845,LOW,LOW
28439,34.286815999999995,-79.00138199999998,142.57878928937876,1595,LOW,LOW
28441,34.811462,-78.427414,105.15565294763053,3198,HIGH,LOW
28442,34.282924,-78.613428,106.97162075041925,1647,HIGH,LOW
28443,34.445036,-77.675712,25.257166881695074,17512,HIGH,MEDIUM
28444,34.688305,-78.319958,89.88458760749064,2085,HIGH,LOW
28445,34.483968,-77.556317,21.131466550557203,5676,HIGH,LOW
28447,34.622297,-78.277327,83.19480777259511,1391,HIGH,LOW
28448,34.520158,-78.363175,86.83634769661985,1243,HIGH,LOW
28449,33.978811,-77.933743,58.20150924693825,1692,HIGH,LOW
28450,34.324418,-78.515265,97.87375417185048,2438,HIGH,LOW
28451,34.229818,-78.089383,59.55911065886076,27112,HIGH,HIGH
28452,33.991603000000005,-78.54956999999997,107.43809184740874,694,HIGH,LOW
28453,34.886439,-78.076256,85.55342185987442,3829,HIGH,LOW
28454,34.678126,-77.650871,44.33453855716664,2545,HIGH,LOW
28455,34.111657,-78.631796,111.04723425873208,2117,HIGH,LOW
28456,34.374973,-78.287201,77.18446643505801,3658,HIGH,LOW
28457,34.449597999999995,-77.886638,42.78780584715455,9905,HIGH,LOW
28458,34.814777,-78.09079,80.79977339827893,6444,HIGH,LOW
28460,34.541298,-77.418235,25.263704879023667,7652,HIGH,LOW
28461,33.967319,-78.05874399999998,68.13630002803771,16126,HIGH,MEDIUM
28462,34.026491,-78.289661,83.70497430727937,11680,HIGH,MEDIUM
28463,34.109764,-78.776463,124.13890461263598,9799,LOW,LOW
28464,34.78224,-78.021091,73.70487628328978,2457,HIGH,LOW
28465,33.912317,-78.102548,74.99487040449304,6531,HIGH,LOW
28466,34.741253,-77.875651,61.351167771200586,10103,HIGH,MEDIUM
28467,33.917987,-78.591953,114.07894435795504,8703,HIGH,LOW
28468,33.89965,-78.51920799999998,108.7974884711191,4375,HIGH,LOW
28469,33.926428,-78.46682,103.15466654855031,5839,HIGH,LOW
28470,33.964184,-78.403547,96.09827866385756,10644,HIGH,MEDIUM
28472,34.29905,-78.691171,114.05511545923999,19658,HIGH,MEDIUM
28478,34.64284,-78.042039,65.37166215344186,4588,HIGH,LOW
28479,34.100688,-78.016511,57.34939744042268,4903,HIGH,LOW
28480,34.225734,-77.79733399999998,33.480915196018664,2473,HIGH,LOW
28501,35.242318,-77.514151,103.21832339739508,20389,HIGH,MEDIUM
28504,35.224563,-77.63486800000003,102.48260650764155,21642,HIGH,MEDIUM
28508,35.099668,-77.824788,93.69118433531156,2737,HIGH,LOW
28510,34.987612,-76.804461,95.21670949446735,1502,HIGH,LOW
28511,34.901115999999995,-76.345763,120.18319933564304,694,LOW,LOW
28512,34.712152,-76.79341600000002,74.55802605090734,2896,HIGH,LOW
28513,35.441502,-77.388857,125.32039629546811,10346,LOW,MEDIUM
28515,35.184068,-76.699387,118.4215310709016,2915,HIGH,LOW
28516,34.905126,-76.55283399999998,105.03494545546197,11431,HIGH,MEDIUM
28518,34.894822999999995,-77.747493,69.94351837154325,7909,HIGH,LOW
28519,35.119725,-77.026974,97.40324031457003,404,HIGH,LOW
28520,34.994209999999995,-76.323307,127.6971939522489,327,LOW,LOW
28521,34.817902000000004,-77.736618,61.73154269577058,2287,HIGH,LOW
28523,35.211357,-77.284601,100.74042915533231,2456,HIGH,LOW
28524,34.790939,-76.468564,104.2364254486415,426,HIGH,LOW
28525,35.132290999999995,-77.686672,93.36451586979938,3132,HIGH,LOW
28526,35.261232,-77.371934,105.39155573602099,2489,HIGH,LOW
28527,35.25946300000001,-77.03044399999997,111.71709223863746,1140,HIGH,LOW
28528,34.732058,-76.538662,95.4392284491025,644,HIGH,LOW
28529,35.070527,-76.85476,100.02184315229816,2193,HIGH,LOW
28530,35.374768,-77.415297,117.81899213755142,7332,HIGH,LOW
28531,34.69804,-76.555565,92.30005599309955,1207,HIGH,LOW
28532,34.896013,-76.890788,82.3472018220425,23320,HIGH,MEDIUM
28533,34.902869,-76.901473,82.34547449926994,2952,HIGH,LOW
28537,35.237681,-76.525812,132.78237782519997,137,LOW,LOW
28538,35.416645,-77.565077,122.88663142905506,2175,LOW,LOW
28539,34.694142,-77.203064,47.772723140198046,15469,HIGH,MEDIUM
28540,34.754982,-77.503794,49.11209514445749,49252,HIGH,HIGH
28543,34.736059000000004,-77.375621,47.24440086157022,4699,HIGH,LOW
28544,34.718090000000004,-77.308669,46.58262520340439,5368,HIGH,LOW
28546,34.799156,-77.356165,54.44831512004505,42696,HIGH,HIGH
28547,34.669025,-77.36697,40.02472526522683,21884,HIGH,MEDIUM
28551,35.321323,-77.780856,115.85125695289298,14093,HIGH,MEDIUM
28552,35.303795,-76.555801,136.86757145249427,254,LOW,LOW
28553,34.7296,-76.512376,97.42347632096468,454,HIGH,LOW
28554,35.478481,-77.586122,129.9080890087033,243,LOW,LOW
28555,34.863364000000004,-77.22186500000002,64.37958616752064,5175,HIGH,LOW
28556,35.114002,-76.62558299999998,116.42226879574066,963,HIGH,LOW
28557,34.73896,-76.74923199999998,79.57700673930948,14429,HIGH,MEDIUM
28560,35.126708,-76.977604,99.97810873283464,28921,HIGH,HIGH
28562,35.081631,-77.12689300000002,90.14520609360677,36176,HIGH,HIGH
28570,34.781487,-76.857497,74.9957639992491,21432,HIGH,MEDIUM
28571,35.070773,-76.68924,109.01264536684191,2585,HIGH,LOW
28572,35.027895,-77.736417,83.43753949472745,6531,HIGH,LOW
28573,34.98507,-77.148842,79.36472204585985,2176,HIGH,LOW
28574,34.878931,-77.589588,63.940356151177006,15102,HIGH,MEDIUM
28575,34.707959,-76.88356800000003,67.77314151742064,316,HIGH,LOW
28577,34.864837,-76.373188,115.92429967469273,522,HIGH,LOW
28578,35.196952,-77.856972,104.83402277931788,6363,HIGH,LOW
28579,34.759099,-76.51029399999999,99.16789134215387,622,HIGH,LOW
28580,35.453274,-77.679538,128.23406190746832,12657,LOW,MEDIUM
28581,34.844258,-76.435553,109.88144676421254,214,HIGH,LOW
28582,34.748284000000005,-77.150458,55.370100178831805,1588,HIGH,LOW
28583,35.138756,-76.74154300000002,112.09418685702643,281,HIGH,LOW
28584,34.736767,-77.077619,57.918638405987494,11396,HIGH,MEDIUM
28585,35.076923,-77.412405,84.72672302866475,3942,HIGH,LOW
28586,35.313558,-77.167497,113.91964488217762,8218,HIGH,LOW
28587,35.19273,-76.661661,121.22046916835333,369,LOW,LOW
28589,34.812858,-76.50505799999998,102.65243216403054,180,HIGH,LOW
28590,35.520683,-77.416661,134.036092219368,23407,LOW,MEDIUM
28594,34.689904,-76.969688,60.54988857108527,3655,HIGH,LOW
28601,35.772393,-81.32665899999998,388.31401726183765,50026,LOW,HIGH
28602,35.669886,-81.389208,389.1517355106426,28981,LOW,HIGH
28604,36.18028,-81.859151,450.85933115396244,6249,LOW,LOW
28605,36.129632,-81.694929,435.14439480755726,3412,LOW,LOW
28606,36.053487,-81.322174,401.4574710042636,2158,LOW,LOW
28607,36.218005,-81.652138,436.197683130776,33059,LOW,HIGH
28609,35.671692,-81.055604,361.4084894345559,5864,LOW,LOW
28610,35.730324,-81.135305,370.626071360611,9913,LOW,LOW
28611,36.010955,-81.735254,432.73982804674984,885,LOW,LOW
28612,35.650391,-81.53756,400.87762507877494,12397,LOW,MEDIUM
28613,35.737687,-81.20768100000002,376.93100686925146,22759,LOW,MEDIUM
28615,36.45868,-81.660618,449.9457398061064,1876,LOW,LOW
28616,36.023071,-81.920191,448.4677160395506,493,LOW,LOW
28617,36.480702,-81.361979,428.5604929344811,2261,LOW,LOW
28618,36.208166,-81.516769,424.97210422434546,2352,LOW,LOW
28619,35.758603,-81.602494,410.6912312835945,1520,LOW,LOW
28621,36.27565,-80.914624,382.5719833112414,10472,LOW,MEDIUM
28622,36.192676,-81.947333,458.5795336859828,2527,LOW,LOW
28623,36.534512,-80.971492,403.328615180561,1653,LOW,LOW
28624,36.128356,-81.411775,412.46657440696936,1639,LOW,LOW
28625,35.869567,-80.88964,357.4834248809763,36189,LOW,HIGH
28626,36.292577,-81.51763199999998,429.59605552878406,2714,LOW,LOW
28627,36.455555,-81.004437,400.54426488903243,1152,LOW,LOW
28628,35.726329,-81.785107,424.77560164871346,479,LOW,LOW
28629,36.340426,-81.36444,420.4507513658504,75,LOW,LOW
28630,35.831976,-81.420172,398.69913287529425,20041,LOW,MEDIUM
28631,36.547476,-81.41035600000002,436.2482975262508,637,LOW,LOW
28634,35.97280100000001,-80.757173,352.67568072379316,5225,LOW,LOW
28635,36.305463,-81.12604499999998,400.25725637968077,3901,LOW,LOW
28636,35.939426,-81.06343299999997,374.95259253455845,5522,LOW,LOW
28637,35.718005,-81.419361,393.6743815924602,1746,LOW,LOW
28638,35.845093,-81.477938,404.0521641320677,12302,LOW,MEDIUM
28640,36.404873,-81.399397,426.86536402103684,4719,LOW,LOW
28642,36.218398,-80.820312,372.00352750415493,5745,LOW,LOW
28643,36.529059,-81.540879,444.9209950323315,3521,LOW,LOW
28644,36.426218,-81.277969,418.9595779661092,1494,LOW,LOW
28645,35.978845,-81.547834,415.94197451749847,47703,LOW,HIGH
28646,36.07333,-81.847093,444.7729042815573,342,LOW,LOW
28647,35.938084,-81.972993,449.13863119844814,89,LOW,LOW
28649,36.33599,-81.212069,408.58407222244625,993,LOW,LOW
28650,35.571426,-81.15839,365.7272633342732,11883,LOW,MEDIUM
28651,36.306214,-81.30878299999998,414.21502996067255,7132,LOW,LOW
28652,36.100032,-81.98716999999998,457.45452525625325,46,LOW,LOW
28654,36.058513,-81.159309,388.8219158372873,3495,LOW,LOW
28655,35.76326599999999,-81.749862,423.2571505297946,54996,LOW,HIGH
28657,36.021993,-81.942425,450.25080860408445,9488,LOW,LOW
28658,35.637619,-81.235843,374.9535709518379,27022,LOW,HIGH
28659,36.21595900000001,-81.148169,396.69958861809846,21134,LOW,MEDIUM
28660,35.968615,-80.856248,360.1546934232068,2249,LOW,LOW
28662,36.021516,-81.899121,446.66406252654133,140,LOW,LOW
28663,36.53203,-81.30940799999998,427.79678515247684,614,LOW,LOW
28665,36.209834,-81.375474,413.9702501485478,2571,LOW,LOW
28666,35.725271,-81.470662,398.2693271884234,368,LOW,LOW
28667,35.771453,-81.426154,396.5210211018212,559,LOW,LOW
28668,36.407054,-80.99048499999998,396.419333376082,300,LOW,LOW
28669,36.223445,-80.989818,385.05745792845147,3146,LOW,LOW
28670,36.194308,-80.912494,377.46550990428466,2719,LOW,LOW
28671,35.75267,-81.527898,404.20122515953807,597,LOW,LOW
28672,36.483387,-81.326621,426.07774320894083,35,LOW,LOW
28673,35.617717,-80.998758,354.3132976378194,5919,LOW,LOW
28675,36.503161,-81.13503,413.13706827519337,6621,LOW,LOW
28676,36.33186,-80.85534,381.7114843035262,3483,LOW,LOW
28677,35.738099,-80.926089,353.8444062475327,32940,LOW,HIGH
28678,35.821719,-81.06084399999997,368.8331052807686,5226,LOW,LOW
28679,36.261211,-81.828379,452.4346553372628,2064,LOW,LOW
28681,35.92267800000001,-81.223058,386.90313733563005,25910,LOW,HIGH
28682,35.588255,-80.965153,350.2380021835146,1129,LOW,LOW
28683,36.390439,-80.911007,389.53672863830764,1697,LOW,LOW
28684,36.334824,-81.608201,438.97227566310585,2141,LOW,LOW
28685,36.360792,-81.059832,398.6486863147291,2076,LOW,LOW
28689,36.036555,-80.940896,370.52105154842303,1712,LOW,LOW
28690,35.732735,-81.57423,407.2582741755807,9295,LOW,LOW
28692,36.267538,-81.808495,451.1752068361112,4067,LOW,LOW
28693,36.471773,-81.559009,442.922681167774,1700,LOW,LOW
28694,36.366337,-81.468016,429.8837404676029,7744,LOW,LOW
28697,36.134008,-81.16572099999998,393.4360845854261,12930,LOW,MEDIUM
28698,36.340894,-81.736245,449.31487223551017,2256,LOW,LOW
28701,35.705098,-82.63646700000002,496.9407957475074,3635,LOW,LOW
28702,35.405602,-83.605242,574.4700799101805,366,LOW,LOW
28704,35.45758400000001,-82.580359,484.8430144354042,18821,LOW,MEDIUM
28705,36.032692,-82.156238,468.3985572880292,6715,LOW,LOW
28707,35.39733,-83.065872,526.3047025150781,94,LOW,LOW
28708,35.271316,-82.86261999999998,505.51595529898384,754,LOW,LOW
28709,35.771599,-82.38183199999997,477.24491694366236,2225,LOW,LOW
28711,35.605271,-82.291854,463.9310324130475,13209,LOW,MEDIUM
28712,35.173309,-82.77082800000002,495.39920900756437,19347,LOW,MEDIUM
28713,35.373495,-83.495989,564.0860029467724,8686,LOW,LOW
28714,35.889455,-82.304119,474.96483521244835,16753,LOW,MEDIUM
28715,35.511965999999994,-82.711701,497.8364815489086,24582,LOW,MEDIUM
28716,35.439331,-82.847944,507.97948809129053,17477,LOW,MEDIUM
28717,35.049462,-83.093365,522.3926092287601,1729,LOW,LOW
28718,35.159172,-82.634935,482.9577186973672,553,LOW,LOW
28719,35.517887,-83.334159,552.8533017816142,8048,LOW,LOW
28720,35.450754,-82.253654,455.9675369819473,114,LOW,LOW
28721,35.66267,-82.958496,523.6402747795144,10063,LOW,MEDIUM
28722,35.208461,-82.061011,432.75009580047595,6371,LOW,LOW
28723,35.314207,-83.026128,520.9812200442105,11329,LOW,MEDIUM
28725,35.366645,-83.255082,542.4712366855267,43,LOW,LOW
28726,35.280999,-82.416555,466.0075689328323,3203,LOW,LOW
28729,35.320507,-82.60037700000002,483.2365641848786,2894,LOW,LOW
28730,35.517421,-82.37804200000002,468.75864749144995,9133,LOW,LOW
28731,35.288036,-82.394669,464.2264888368892,7778,LOW,LOW
28732,35.451829,-82.445701,472.84874490863297,16491,LOW,MEDIUM
28733,35.42910399999999,-83.815738,593.7047739212296,21,LOW,LOW
28734,35.189081,-83.41226,553.2544792116477,27040,LOW,HIGH
28735,35.475901,-82.35048,465.1591969562305,256,LOW,LOW
28736,35.175658,-83.086467,523.7579944767435,787,LOW,LOW
28739,35.256111,-82.54370899999998,476.7637027891972,19786,LOW,MEDIUM
28740,36.091216,-82.272966,480.59181493211895,1364,LOW,LOW
28741,35.055919,-83.211171,533.1204147077145,3197,LOW,LOW
28742,35.382641,-82.650687,489.1578295456707,2710,LOW,LOW
28743,35.80036,-82.88114499999998,521.1367575997133,2125,LOW,LOW
28745,35.52528200000001,-82.97204599999998,521.0814311403349,551,LOW,LOW
28746,35.477196,-82.161705,448.6871656849461,2388,LOW,LOW
28747,35.155183,-82.922658,508.6946750566865,2198,LOW,LOW
28748,35.649563,-82.757717,505.75663896711876,11334,LOW,MEDIUM
28749,35.840722,-82.098559,455.7130772049029,50,LOW,LOW
28751,35.50502,-83.120689,533.6799543563815,2916,LOW,LOW
28752,35.709599,-82.035573,445.43401012698433,30600,LOW,HIGH
28753,35.864078000000006,-82.712731,508.80084310808326,11670,LOW,MEDIUM
28754,35.875581,-82.515681,492.39250836387873,7679,LOW,LOW
28756,35.351924,-82.186268,447.3623168184631,4504,LOW,LOW
28757,35.649746,-82.30856700000002,466.81132503790326,280,LOW,LOW
28759,35.38144600000001,-82.58859,483.63523590490684,6922,LOW,LOW
28761,35.68533,-81.91054,433.88268196524467,7816,LOW,LOW
28762,35.62679,-82.231583,459.41114999712516,6857,LOW,LOW
28763,35.028572,-83.466615,555.8466787514926,2725,LOW,LOW
28766,35.251041,-82.619825,483.43826856825325,1262,LOW,LOW
28768,35.324202,-82.706749,492.7682352023094,6813,LOW,LOW
28771,35.34702,-83.842814,594.5795336594558,8558,LOW,LOW
28772,35.116966,-82.827217,499.4642951872587,1239,LOW,LOW
28773,35.265444,-82.3097,456.1592502644206,3378,LOW,LOW
28774,35.093445,-82.994858,514.1674594089403,1013,LOW,LOW
28775,35.021332,-83.321833,542.6574388856139,296,LOW,LOW
28777,35.904431,-82.068534,455.72363598801985,10638,LOW,MEDIUM
28778,35.628881,-82.405472,474.52372745107743,10381,LOW,MEDIUM
28779,35.357002,-83.21593299999998,538.7833908492792,16111,LOW,MEDIUM
28781,35.224056,-83.635479,573.8853436486802,939,LOW,LOW
28782,35.23396,-82.147409,441.0161865744569,6584,LOW,LOW
28783,35.262142,-83.010414,518.5325177042907,1593,LOW,LOW
28785,35.653307,-83.139769,539.2180864354073,7338,LOW,LOW
28786,35.462005,-82.989068,521.0046639838266,20714,LOW,MEDIUM
28787,35.741251,-82.515578,487.68649111086415,19718,LOW,MEDIUM
28789,35.407057,-83.316777,548.8145350821766,5097,LOW,LOW
28790,35.20049,-82.524773,473.90846520232697,3205,LOW,LOW
28791,35.35610399999999,-82.50818100000002,475.90395683585183,14171,LOW,MEDIUM
28792,35.38300800000001,-82.369906,464.36065231881946,32689,LOW,HIGH
28801,35.594348,-82.557917,486.71292027450494,15019,LOW,MEDIUM
28803,35.531707,-82.52301700000002,481.84312363810204,28693,LOW,HIGH
28804,35.648442,-82.563811,488.8670945566226,20507,LOW,MEDIUM
28805,35.633754,-82.48318,481.4145658427937,17620,LOW,MEDIUM
28806,35.57197100000001,-82.614729,491.01366579928873,38550,LOW,HIGH
28901,35.198079,-83.810349,589.2103916505313,5354,LOW,LOW
28902,35.022285,-83.959171,600.3727156869121,1373,LOW,LOW
28904,35.06863,-83.733593,580.497741954407,8533,LOW,LOW
28905,35.163946,-83.940087,600.4081361374093,3129,LOW,LOW
28906,35.100136,-84.138594,617.5108173932989,18475,LOW,MEDIUM
28909,35.001661,-83.90477299999998,595.2187789591214,1030,LOW,LOW
29001,33.786644,-80.174065,257.79513735943095,2148,LOW,LOW
29003,33.241221,-81.023815,351.2591097000216,6989,LOW,LOW
29006,33.869101,-81.551078,380.90704430523726,9565,LOW,LOW
29009,34.4553,-80.376154,268.99612931284,2440,LOW,LOW
29010,34.223091,-80.27265,259.6125936692796,13491,LOW,MEDIUM
29014,34.523382,-81.114513,336.9494107161615,1891,LOW,LOW
29015,34.437442,-81.330125,356.3710836785972,1738,LOW,LOW
29016,34.20251,-80.997,326.24450057752085,16393,LOW,MEDIUM
29018,33.348797,-80.639176,313.5943963033832,3749,LOW,LOW
29020,34.314345,-80.573719,286.91582446089103,22463,LOW,MEDIUM
29030,33.576312,-80.647573,306.21777184536205,1967,LOW,LOW
29031,34.548096,-81.492609,371.6769692802967,1349,LOW,LOW
29032,34.345114,-80.445025,275.06682784407855,4424,LOW,LOW
29033,33.956189,-81.057488,334.4399936563028,11603,LOW,MEDIUM
29036,34.134004,-81.33991400000002,358.22639150405473,19140,LOW,MEDIUM
29037,34.189935,-81.867694,406.2766048480071,824,LOW,LOW
29038,33.372643,-80.98150600000002,342.60101961589714,2445,LOW,LOW
29039,33.422422,-80.915021,334.9914157042123,4215,LOW,LOW
29040,34.068795,-80.440478,276.44600371877306,8767,LOW,LOW
29042,33.297671,-81.158698,360.881792889306,5868,LOW,LOW
29044,33.925709999999995,-80.695204,301.8875977302525,5652,LOW,LOW
29045,34.185012,-80.806315,308.8536451578682,21871,LOW,MEDIUM
29046,34.102331,-80.153633,249.77921092526324,237,MEDIUM,LOW
29047,33.532723,-80.585802,302.16476454871946,3683,LOW,LOW
29048,33.390561,-80.295284,282.1831782369625,4864,LOW,LOW
29051,33.861626,-80.12782800000002,251.74089060707715,951,LOW,LOW
29052,33.79831,-80.74129599999998,308.63503263404357,2021,LOW,LOW
29053,33.827544,-81.090963,339.74015270112767,18830,LOW,MEDIUM
29054,33.941953000000005,-81.383081,364.41163960797957,9612,LOW,LOW
29055,34.574244,-80.914866,319.0481643285386,4337,LOW,LOW
29056,33.608638,-80.005987,248.5179455136507,2448,MEDIUM,LOW
29058,34.554283,-80.749684,303.80208749627485,4746,LOW,LOW
29059,33.33003,-80.418508,295.3283094049376,6068,LOW,LOW
29061,33.897493,-80.850604,316.5463140487541,13717,LOW,MEDIUM
29062,34.004286,-80.605521,292.42540367798665,176,LOW,LOW
29063,34.142131,-81.206184,345.8854603684152,32717,LOW,HIGH
29065,34.28514000000001,-81.296583,353.3727193027781,677,LOW,LOW
29067,34.544166,-80.537094,284.3018292148037,10949,LOW,MEDIUM
29069,34.180119,-80.09464399999997,243.58120265115463,5020,MEDIUM,LOW
29070,33.916667,-81.44923299999998,370.8406716530499,15330,LOW,MEDIUM
29072,34.001778,-81.27241,353.453260557188,49566,LOW,HIGH
29073,33.888739,-81.238803,352.0811088667168,40775,LOW,HIGH
29074,34.441127,-80.818402,309.46609711670334,241,LOW,LOW
29075,34.218134,-81.299071,353.8918339830873,2963,LOW,LOW
29078,34.182184,-80.708825,299.92489866993577,15293,LOW,MEDIUM
29079,34.286517,-80.11371700000002,244.73458013578298,151,MEDIUM,LOW
29080,34.012164,-80.085577,244.85813235779673,3240,MEDIUM,LOW
29081,33.08908,-81.047373,359.6499296495365,1352,LOW,LOW
29082,33.038215,-80.939141,352.7340067390836,572,LOW,LOW
29101,34.460212,-80.24719499999998,257.2101592939797,3023,LOW,LOW
29102,33.641983,-80.18848100000002,263.41136332411133,18248,LOW,MEDIUM
29104,34.001026,-80.213437,256.696368944107,1531,LOW,LOW
29105,33.806395,-81.593579,385.88755801466215,1514,LOW,LOW
29107,33.529824,-81.12433100000001,350.1179002777011,3166,LOW,LOW
29108,34.305524,-81.627342,383.6884062225087,20469,LOW,MEDIUM
29111,33.789038,-80.00636899999998,242.7122502619465,1632,MEDIUM,LOW
29112,33.625345,-81.081592,343.5932489377218,4712,LOW,LOW
29113,33.432453,-81.135322,354.1346428931538,1618,LOW,LOW
29114,33.954301,-79.93227900000002,232.00181162744337,2190,MEDIUM,LOW
29115,33.477386,-80.849144,327.3004503081993,31128,LOW,HIGH
29117,33.498262,-80.848831,326.58268224868556,1160,LOW,LOW
29118,33.569394,-80.88855799999997,327.8885349709422,15861,LOW,MEDIUM
29122,34.238809,-81.328334,356.4729757041496,54,LOW,LOW
29123,33.764652000000005,-81.271451,357.4184217468397,7617,LOW,LOW
29125,33.702759,-80.462307,285.92416125720615,3072,LOW,LOW
29126,34.328933,-81.41948199999999,364.5515703417112,2267,LOW,LOW
29127,34.153252,-81.512463,373.9114275977589,8333,LOW,LOW
29128,34.095053,-80.526184,283.97939673588456,5866,LOW,LOW
29129,33.789287,-81.672715,393.41558542197026,3164,LOW,LOW
29130,34.331608,-80.88041199999998,315.05197614831724,6655,LOW,LOW
29133,33.358911,-80.803127,327.4751184097589,1044,LOW,LOW
29135,33.701219,-80.757171,312.4238976512999,8919,LOW,LOW
29137,33.596191,-81.321416,365.9341204922271,2539,LOW,LOW
29138,34.042392,-81.776152,399.12997304640453,10883,LOW,MEDIUM
29142,33.463477000000005,-80.524523,299.2132731480811,4890,LOW,LOW
29145,34.228719,-81.766201,396.7364842903761,837,LOW,LOW
29146,33.508249,-81.295412,366.0465167143165,1767,LOW,LOW
29147,34.091766,-80.966488,324.3667988774909,0,LOW,LOW
29148,33.534198,-80.337458,280.24962595796467,6230,LOW,LOW
29150,33.874774,-80.354069,271.89436202954573,40031,LOW,HIGH
29152,33.972292,-80.465816,280.181475495611,2393,LOW,LOW
29153,33.959249,-80.308378,266.0687880434329,15633,LOW,MEDIUM
29154,33.879261,-80.44041800000002,279.6239036797113,28135,LOW,HIGH
29160,33.746888,-81.035516,336.42459742853094,8255,LOW,LOW
29161,34.10365,-79.943426,230.52845961536482,11383,MEDIUM,MEDIUM
29162,33.885889,-80.01401899999998,240.90074425990082,4122,MEDIUM,LOW
29163,33.429587,-80.439904,293.11234719467734,1975,LOW,LOW
29164,33.662168,-81.416471,372.8560529936572,4690,LOW,LOW
29166,33.901807,-81.705732,394.51268261829335,904,LOW,LOW
29168,33.848449,-80.540767,289.37334619166586,3582,LOW,LOW
29169,33.997527000000005,-81.097406,337.49344149256956,22845,LOW,MEDIUM
29170,33.937674,-81.147203,342.92110133946665,19988,LOW,MEDIUM
29172,33.912417,-81.076978,336.919243807776,9293,LOW,LOW
29175,34.443849,-80.59835600000002,289.3066416342269,378,LOW,LOW
29178,34.493359000000005,-81.606734,381.8783656116174,3377,LOW,LOW
29180,34.366465000000005,-81.093684,334.60752007623574,14267,LOW,MEDIUM
29201,33.982484,-81.028098,331.3647438316731,20594,LOW,MEDIUM
29202,33.993558,-81.031002,331.4735866130199,135,LOW,LOW
29203,34.101723,-81.042085,331.1970720531755,39843,LOW,HIGH
29204,34.029148,-81.002526,328.39348188656965,19952,LOW,MEDIUM
29205,33.990057,-80.997249,328.4359474583579,24822,LOW,MEDIUM
29206,34.026415,-80.958995,324.4436225269385,17788,LOW,MEDIUM
29207,34.042447,-80.845986,313.8943568339299,11592,LOW,MEDIUM
29208,33.998133,-81.028152,331.1494643717799,695,LOW,LOW
29209,33.926751,-80.95036400000002,325.12944838167743,33324,LOW,HIGH
29210,34.046162,-81.10658000000002,337.71407196301595,40356,LOW,HIGH
29212,34.076232,-81.198752,345.8243241303359,28798,LOW,HIGH
29223,34.092634000000004,-80.919271,320.02905685412446,50141,LOW,HIGH
29225,33.996177,-81.025028,330.8907459426443,1228,LOW,LOW
29229,34.139526000000004,-80.888209,316.72906274586677,44229,LOW,HIGH
29301,34.934028000000005,-82.010697,422.93720470770165,31051,LOW,HIGH
29302,34.884446000000004,-81.8436,407.0886155804402,16571,LOW,MEDIUM
29303,34.995627,-81.9604,419.42648792676846,25058,LOW,HIGH
29306,34.892633000000004,-81.921504,414.2521454007912,15861,LOW,MEDIUM
29307,34.982716,-81.83155500000002,407.61018072467255,18751,LOW,MEDIUM
29316,35.043045,-81.975107,421.6117750975475,22281,LOW,MEDIUM
29320,34.958401,-81.99367600000002,421.79112419626466,530,LOW,LOW
29321,34.714655,-81.741066,395.6610618276627,2596,LOW,LOW
29322,35.121041,-82.132234,437.2115777811852,8781,LOW,LOW
29323,35.126341,-81.907463,417.24448952251396,14446,LOW,MEDIUM
29324,34.983686,-81.826635,407.1851065984192,167,LOW,LOW
29325,34.465141,-81.849816,404.0731786808463,15222,LOW,MEDIUM
29329,34.994511,-81.835995,408.22169551421365,278,LOW,LOW
29330,35.052634000000005,-81.804153,406.47587008612834,8401,LOW,LOW
29331,34.651836,-81.84408499999998,404.485511068483,142,LOW,LOW
29332,34.27876,-81.97036700000002,415.27156766365846,2435,LOW,LOW
29333,34.971201,-81.910226,414.48760917589794,374,LOW,LOW
29334,34.905551,-82.124414,432.7861201026298,11331,LOW,MEDIUM
29335,34.646696,-81.90446899999998,409.95623977207805,5654,LOW,LOW
29338,35.135513,-82.001598,425.84097103262735,85,LOW,LOW
29340,34.972313,-81.58591700000002,385.3453022772328,20763,LOW,MEDIUM
29341,35.111909999999995,-81.713162,399.6033841104057,19330,LOW,MEDIUM
29346,34.945078,-81.836373,407.3937002325307,307,LOW,LOW
29349,35.067335,-82.068095,430.41262190424186,30129,LOW,HIGH
29351,34.42103400000001,-81.80804499999998,400.1761492676892,1563,LOW,LOW
29353,34.830741,-81.648604,388.6700642855755,4174,LOW,LOW
29355,34.289571,-81.826418,402.015758724813,810,LOW,LOW
29356,35.142074,-82.280831,450.92496276170164,8074,LOW,LOW
29360,34.49869,-82.05105400000002,422.59766536022306,20977,LOW,MEDIUM
29364,34.76248,-81.470669,371.62692169067896,592,LOW,LOW
29365,34.980991,-82.171853,438.2193130201697,10146,LOW,MEDIUM
29368,35.081579,-81.863411,412.3660615357562,68,LOW,LOW
29369,34.86562,-82.019463,422.7321285653327,13044,LOW,MEDIUM
29370,34.373805,-81.96336099999998,414.42375485198863,1045,LOW,LOW
29372,34.901769,-81.71127800000002,395.4043747237089,4507,LOW,LOW
29373,34.924482,-81.74754399999998,399.0449355867705,297,LOW,LOW
29374,34.784549,-81.853472,406.64853006085593,3534,LOW,LOW
29375,34.861302,-82.113804,431.21986119107646,95,LOW,LOW
29376,34.811382,-81.94421899999998,415.2096071097379,6909,LOW,LOW
29377,34.930629,-82.095109,430.50643394074007,761,LOW,LOW
29378,34.966907,-81.968539,419.66659645446913,207,LOW,LOW
29379,34.68235,-81.608729,383.2924837758953,19186,LOW,MEDIUM
29384,34.340247999999995,-82.090128,426.10270783990046,3945,LOW,LOW
29385,34.972963,-82.101417,431.7402322986437,7221,LOW,LOW
29388,34.764315,-82.04463299999998,423.7929612867213,14470,LOW,MEDIUM
29401,32.77718,-79.932,286.66802166665246,10895,LOW,MEDIUM
29403,32.8059,-79.94318,285.58077854813143,20818,LOW,MEDIUM
29404,32.898999,-80.049739,287.72449765438864,1348,LOW,LOW
29405,32.856252000000005,-79.981994,285.2207154472486,26328,LOW,HIGH
29406,32.937267,-80.03524499999997,284.24175962255845,29314,LOW,HIGH
29407,32.79893,-79.997803,290.1474892574909,34827,LOW,HIGH
29409,32.796088,-79.960493,287.53026110000616,2100,LOW,LOW
29410,32.93271,-80.00298199999997,282.0120869039759,17816,LOW,MEDIUM
29412,32.711469,-79.952603,292.66700685707,35850,LOW,HIGH
29414,32.839966,-80.089182,294.4636221904951,31883,LOW,HIGH
29418,32.909523,-80.094219,290.53608576874933,23540,LOW,MEDIUM
29420,32.931762,-80.10072199999998,289.69641133536027,21834,LOW,MEDIUM
29423,32.97876,-80.071205,284.5651931756769,956,LOW,LOW
29424,32.783637,-79.937365,286.6330072931916,389,LOW,LOW
29426,32.797191999999995,-80.370638,318.9932238701368,1741,LOW,LOW
29429,32.973563,-79.65011700000002,252.5006085031907,2737,LOW,LOW
29431,33.278777000000005,-79.882079,252.60438967595385,6071,LOW,LOW
29432,33.231512,-80.80886600000002,333.05410271353156,2853,LOW,LOW
29434,33.140888000000004,-79.843725,257.0541531294887,537,LOW,LOW
29435,32.972972,-80.466445,316.6469277257695,4122,LOW,LOW
29436,33.315358,-80.18725,276.2795370159333,4471,LOW,LOW
29437,33.139994,-80.43175600000002,305.18205615959783,2380,LOW,LOW
29438,32.564708,-80.32239,330.0635187187861,2408,LOW,LOW
29439,32.647997,-79.96007900000002,297.6284727546807,2399,LOW,LOW
29440,33.38111,-79.32976,202.34398348757398,28469,MEDIUM,HIGH
29445,32.997547999999995,-79.96664100000002,275.21964582807306,53588,LOW,HIGH
29446,32.630668,-80.55151,343.30782071849757,1138,LOW,LOW
29448,33.25557,-80.45272800000002,301.5160747744224,2356,LOW,LOW
29449,32.700369,-80.287056,318.5162401095367,7749,LOW,LOW
29450,33.065935,-79.78419699999998,256.82044185850356,3105,LOW,LOW
29451,32.822611,-79.754581,270.4789464935027,4205,LOW,LOW
29452,32.677951,-80.46146800000002,333.3787797995557,394,LOW,LOW
29453,33.225592,-79.642781,236.18342992104192,1252,MEDIUM,LOW
29455,32.624718,-80.040587,305.11699483327214,20478,LOW,MEDIUM
29456,32.985877,-80.11544,287.6480684911199,27864,LOW,HIGH
29458,33.093336,-79.461188,230.42023851903122,2713,MEDIUM,LOW
29461,33.159784,-80.00753900000002,269.17804820281765,30141,LOW,HIGH
29464,32.816699,-79.858222,278.5202646776082,43649,LOW,HIGH
29466,32.877758,-79.792013,269.48808454860784,28725,LOW,HIGH
29468,33.425634,-80.056991,260.26458234379703,2107,LOW,LOW
29469,33.257863,-80.05637,268.0725177221519,855,LOW,LOW
29470,32.826929,-80.253739,308.0307229788764,4232,LOW,LOW
29471,33.192675,-80.670417,322.8673617713327,1537,LOW,LOW
29472,33.045536,-80.326698,301.34005864637254,9416,LOW,LOW
29474,32.884258,-80.523838,326.1673098910917,2176,LOW,LOW
29475,32.957264,-80.80648000000002,345.5055494015516,2874,LOW,LOW
29477,33.163169,-80.56521,315.28567309995015,6789,LOW,LOW
29479,33.380638,-79.890574,248.23210061486458,7337,MEDIUM,LOW
29481,33.108529,-80.800481,337.734197777545,1841,LOW,LOW
29482,32.764502,-79.854987,281.84714359329166,1791,LOW,LOW
29483,33.057779,-80.18290999999998,288.9787422144356,66731,LOW,HIGH
29485,32.947923,-80.189918,295.77728382906207,45057,LOW,HIGH
29487,32.657682,-80.183948,313.4870456069032,2725,LOW,LOW
29488,32.906763,-80.672836,337.073395667483,22220,LOW,MEDIUM
29492,32.903802,-79.911163,276.7671489475873,10262,LOW,MEDIUM
29493,33.034143,-80.842844,344.79135198489854,117,LOW,LOW
29501,34.205933,-79.82625999999998,218.75495253542758,43220,MEDIUM,HIGH
29505,34.130066,-79.68889300000002,206.91499172589118,24279,MEDIUM,MEDIUM
29506,34.221377000000004,-79.650336,202.50092047927615,20960,MEDIUM,MEDIUM
29510,33.454312,-79.61312099999998,221.48334454566702,11060,MEDIUM,MEDIUM
29511,33.975732,-79.122716,158.5407879427883,5146,MEDIUM,LOW
29512,34.619033,-79.718041,210.67623553574848,19514,MEDIUM,MEDIUM
29516,34.437453999999995,-79.63464,200.98668342693998,829,MEDIUM,LOW
29518,33.788608,-79.847975,228.591682196714,1232,MEDIUM,LOW
29519,34.018637,-79.359821,178.8206358723919,285,MEDIUM,LOW
29520,34.679486,-79.92729200000002,230.63312805639134,14617,MEDIUM,MEDIUM
29525,34.552415,-79.540885,193.5930261131113,2029,MEDIUM,LOW
29526,33.847406,-78.94709300000002,147.41209924348496,39033,LOW,HIGH
29527,33.785083,-79.140176,166.5487057463373,22027,MEDIUM,MEDIUM
29530,33.996055,-79.740075,213.73038788894937,2915,MEDIUM,LOW
29532,34.280331,-79.869336,222.30964142468952,20871,MEDIUM,MEDIUM
29536,34.419502,-79.373048,176.91982458875773,17722,MEDIUM,MEDIUM
29540,34.377298,-79.84618499999998,220.12844980844588,5599,MEDIUM,LOW
29541,34.064949,-79.74075,212.56771816657147,9465,MEDIUM,LOW
29543,34.287605,-79.265927,166.8705420776089,606,MEDIUM,LOW
29544,33.926098,-79.255583,171.7951523666588,4909,MEDIUM,LOW
29545,34.16366,-78.966477,140.45817147508274,1657,LOW,LOW
29546,33.883845,-79.349409,181.39467248516576,2834,MEDIUM,LOW
29547,34.496287,-79.334829,174.11821578215105,2917,MEDIUM,LOW
29550,34.399975,-80.082806,241.89269153419193,32284,MEDIUM,HIGH
29554,33.70405,-79.381598,190.61926519220827,9332,MEDIUM,LOW
29555,33.845583000000005,-79.483856,194.50039134366094,6440,MEDIUM,LOW
29556,33.668227,-79.763139,225.10798733452617,12870,MEDIUM,MEDIUM
29560,33.827895,-79.742142,218.00777129507063,13664,MEDIUM,MEDIUM
29563,34.353365999999994,-79.208673,161.5739963713279,2676,MEDIUM,LOW
29564,33.449386,-79.84840799999998,241.4722306416807,985,MEDIUM,LOW
29565,34.358052,-79.499289,188.2566363572553,7127,MEDIUM,LOW
29566,33.873402,-78.666957,122.40680410972419,15179,LOW,MEDIUM
29567,34.560972,-79.432683,183.89694149732478,564,MEDIUM,LOW
29568,33.913616,-78.750292,127.81304126869635,12224,LOW,MEDIUM
29569,34.032632,-78.911583,138.12780136734372,15951,LOW,MEDIUM
29570,34.667866,-79.56270699999997,197.58244018445924,3913,MEDIUM,LOW
29571,34.135123,-79.42504100000002,182.72595439299496,15622,MEDIUM,MEDIUM
29572,33.772568,-78.785662,137.11178180864988,7893,LOW,LOW
29574,34.165413,-79.26083100000002,167.32944071286894,11909,MEDIUM,MEDIUM
29575,33.629132,-78.970412,159.66710316486947,15512,MEDIUM,MEDIUM
29576,33.562090000000005,-79.061087,170.64448577608943,24446,MEDIUM,MEDIUM
29577,33.698452,-78.902659,150.49406024780114,26996,MEDIUM,HIGH
29579,33.753481,-78.916375,148.91144438276515,32180,LOW,HIGH
29580,33.653101,-79.551975,207.36472127515992,1450,MEDIUM,LOW
29581,34.195802,-79.113483,153.50136729667284,4650,MEDIUM,LOW
29582,33.838529,-78.660551,123.50293112248652,14622,LOW,MEDIUM
29583,33.977851,-79.571077,198.8071184627193,5438,MEDIUM,LOW
29584,34.583313000000004,-80.065768,241.72359867416753,2563,MEDIUM,LOW
29585,33.520097,-79.13580300000002,178.97583809303495,13606,MEDIUM,MEDIUM
29588,33.671137,-79.02427,161.89394151456352,36499,MEDIUM,HIGH
29590,33.56892,-79.84869599999998,236.365642219774,3677,MEDIUM,LOW
29591,33.937999,-79.76229000000002,216.97426209461258,5467,MEDIUM,LOW
29592,34.264635,-79.48386500000002,186.97100065348855,1197,MEDIUM,LOW
29593,34.493107,-79.856964,221.7385025544735,1954,MEDIUM,LOW
29594,34.640233,-79.57736,198.34839244066157,121,MEDIUM,LOW
29596,34.744162,-79.83073900000002,223.26840876799804,2424,MEDIUM,LOW
29601,34.847112,-82.402264,457.20250879650456,10550,LOW,MEDIUM
29605,34.774425,-82.37661,454.0919414450589,34414,LOW,HIGH
29607,34.81279,-82.331714,450.40823406701713,34487,LOW,HIGH
29609,34.912592,-82.38817,456.7470387378816,27722,LOW,HIGH
29611,34.830934,-82.458497,462.12427245024423,28799,LOW,HIGH
29613,34.924255,-82.440488,461.63941634022603,2334,LOW,LOW
29614,34.873771000000005,-82.36314899999998,453.9767594216577,2720,LOW,LOW
29615,34.856825,-82.296139,447.69111385522257,35151,LOW,HIGH
29617,34.911021000000005,-82.46809499999998,463.9618624884401,25685,LOW,HIGH
29620,34.182407,-82.425607,457.56036945451433,12934,LOW,MEDIUM
29621,34.506671000000004,-82.605272,473.390963969593,39101,LOW,HIGH
29624,34.435943,-82.624115,475.0314374504539,14610,LOW,MEDIUM
29625,34.555099,-82.765677,488.20932903570684,27538,LOW,HIGH
29626,34.460802,-82.756514,487.1850154883491,12364,LOW,MEDIUM
29627,34.518602,-82.476359,461.61096481679056,18367,LOW,MEDIUM
29628,34.089135,-82.559262,470.5355551009527,2759,LOW,LOW
29630,34.738673,-82.799161,492.26382716167046,14186,LOW,MEDIUM
29631,34.681593,-82.817762,493.56404130885244,13318,LOW,MEDIUM
29634,34.67527800000001,-82.835901,495.1815643198396,5589,LOW,LOW
29635,35.077658,-82.626703,480.77074026753263,1254,LOW,LOW
29638,34.363867,-82.338204,448.8367064047769,2944,LOW,LOW
29639,34.303669,-82.428794,457.28561679897825,1742,LOW,LOW
29640,34.87771,-82.57542099999998,473.272391563884,30574,LOW,HIGH
29642,34.776943,-82.563722,471.14276284719466,29561,LOW,HIGH
29643,34.516357,-82.996359,509.2382892524045,2756,LOW,LOW
29644,34.668418,-82.190145,436.18889559202074,18578,LOW,MEDIUM
29645,34.588013000000004,-82.127041,429.91495911296437,9982,LOW,LOW
29646,34.136053000000004,-82.14846999999997,432.43492902238813,28159,LOW,HIGH
29649,34.238919,-82.14501899999998,431.477435893234,26235,LOW,HIGH
29650,34.898138,-82.25806700000003,444.77545741519845,32632,LOW,HIGH
29651,35.02383,-82.27956400000002,448.6292036668852,42844,LOW,HIGH
29653,34.306003000000004,-82.232469,439.2521127052631,4811,LOW,LOW
29654,34.460528000000004,-82.361886,451.0060068427383,9937,LOW,LOW
29655,34.264095000000005,-82.64049200000002,476.8682462657311,7796,LOW,LOW
29657,34.767066,-82.686594,482.24011768624644,15116,LOW,MEDIUM
29658,34.760705,-83.284526,536.6733062232212,333,LOW,LOW
29659,34.20977,-82.64698800000002,477.7295929531788,118,LOW,LOW
29661,35.147593,-82.529539,473.29612853287847,5648,LOW,LOW
29662,34.778208,-82.301835,447.32751433667613,15090,LOW,MEDIUM
29664,34.860889,-83.15755300000002,525.950954546345,1808,LOW,LOW
29665,34.724825,-82.914632,502.69066932629636,127,LOW,LOW
29666,34.113326,-81.979552,417.11056087138587,6590,LOW,LOW
29667,34.764792,-82.75669,488.6045236829268,269,LOW,LOW
29669,34.638704,-82.412542,456.2951544462393,12387,LOW,MEDIUM
29670,34.643978999999995,-82.723237,484.71079156521864,8673,LOW,LOW
29671,34.934777000000004,-82.728691,487.8667287212196,18030,LOW,MEDIUM
29672,34.751278000000006,-82.934285,504.677206324697,11868,LOW,MEDIUM
29673,34.715864,-82.45551999999998,460.7584324334389,25348,LOW,HIGH
29676,34.950446,-82.98348100000003,511.13894943296015,5201,LOW,LOW
29678,34.63447,-82.937301,504.2247664799092,21676,LOW,MEDIUM
29680,34.685122,-82.288811,445.3160491626439,27285,LOW,HIGH
29681,34.767679,-82.225003,440.2325275920042,46979,LOW,HIGH
29682,34.836191,-82.853397,498.06144756203247,3818,LOW,LOW
29683,35.029999,-82.494173,468.05626208643116,291,LOW,LOW
29684,34.379432,-82.718704,483.73628923138494,4862,LOW,LOW
29685,34.991238,-82.842298,498.895549750985,1230,LOW,LOW
29686,34.958106,-83.053044,517.5339826541442,1027,LOW,LOW
29687,34.986636,-82.327451,452.33859700880095,39561,LOW,HIGH
29689,34.534253,-82.868342,497.5510289178594,3889,LOW,LOW
29690,35.059806,-82.417198,461.6244239450217,20914,LOW,MEDIUM
29691,34.783465,-83.083658,518.5403344487505,11333,LOW,MEDIUM
29692,34.41263,-82.219492,437.913684200908,4856,LOW,LOW
29693,34.644394,-83.152437,523.9356187367247,14215,LOW,MEDIUM
29696,34.781122,-83.008462,511.6721981425985,4125,LOW,LOW
29697,34.625593,-82.548639,468.6559971714786,12207,LOW,MEDIUM
29702,35.116068,-81.473073,378.3396943599977,10059,LOW,MEDIUM
29704,34.83212,-80.90979200000002,321.9561226896698,3721,LOW,LOW
29706,34.715558,-81.23453,349.60301465607995,19847,LOW,MEDIUM
29707,34.974384,-80.862388,320.6624494199449,17742,LOW,MEDIUM
29708,35.048705,-80.98711800000002,333.5596691451483,25035,LOW,HIGH
29709,34.720167,-80.098457,246.8153737882541,6498,MEDIUM,LOW
29710,35.106284,-81.221471,355.7837766804448,29449,LOW,HIGH
29712,34.797965999999995,-80.975531,327.3011105653412,2317,LOW,LOW
29714,34.712239000000004,-80.915313,320.5751604217266,2927,LOW,LOW
29715,35.009844,-80.92873900000002,327.4140703541405,24823,LOW,MEDIUM
29717,34.950733,-81.448844,372.628041863676,1251,LOW,LOW
29718,34.624163,-80.331295,266.382700346679,3856,LOW,LOW
29720,34.740563,-80.732729,304.43851875478157,46041,LOW,HIGH
29724,34.773948,-81.011121,330.1399940916578,43,LOW,LOW
29726,34.860843,-81.236135,351.8682239617611,1750,LOW,LOW
29727,34.719265,-80.264601,261.77975516247324,1650,LOW,LOW
29728,34.76495300000001,-80.40055799999998,274.8631469009462,10301,LOW,MEDIUM
29729,34.689134,-81.00676,328.5851996919173,2271,LOW,LOW
29730,34.889889000000004,-81.017848,332.7542827411192,52365,LOW,HIGH
29732,34.971166,-81.081284,340.11428847449463,53781,LOW,HIGH
29733,34.939585,-81.031961,335.0256368275548,1751,LOW,LOW
29741,34.725288,-80.195526,255.65729504504736,2082,LOW,LOW
29742,34.869975,-81.392257,366.1016447544774,2460,LOW,LOW
29743,35.012139000000005,-81.390396,368.6220151175037,1071,LOW,LOW
29745,34.990942,-81.214095,352.41065320665786,28919,LOW,HIGH
29801,33.588993,-81.697037,399.98239527819106,26778,LOW,HIGH
29803,33.490342,-81.762819,408.4729951731912,36843,LOW,HIGH
29805,33.647579,-81.604076,390.1697877076258,5864,LOW,LOW
29809,33.418902,-81.69249,404.196545886218,2206,LOW,LOW
29810,32.986368,-81.37810999999998,392.4851314151704,4990,LOW,LOW
29812,33.231937,-81.428404,386.9650551825248,11864,LOW,MEDIUM
29816,33.500764000000004,-81.871584,417.98115592289986,1033,LOW,LOW
29817,33.370534,-81.273172,368.4034455696583,4913,LOW,LOW
29819,34.044227,-82.227378,440.5000975440408,1523,LOW,LOW
29821,33.643047,-82.107049,435.873873391054,1487,LOW,LOW
29824,33.819697999999995,-81.99337,422.1150941570711,8535,LOW,LOW
29826,33.385382,-81.359584,375.56991196162005,164,LOW,LOW
29827,32.963155,-81.253906,382.91136018467654,4624,LOW,LOW
29828,33.522812,-81.828197,413.49411124776043,1003,LOW,LOW
29829,33.57472,-81.857718,414.8503725242039,8651,LOW,LOW
29831,33.297451,-81.799578,417.5153639209565,4146,LOW,LOW
29832,33.838994,-81.803656,404.4689074294533,5335,LOW,LOW
29834,33.51293,-81.856747,416.3247164897247,1687,LOW,LOW
29835,33.919499,-82.28897099999998,447.6294705082479,6566,LOW,LOW
29836,33.126708,-81.55712700000002,402.19827296541183,482,LOW,LOW
29838,33.747484,-82.15108000000002,437.78624939597483,501,LOW,LOW
29840,34.007202,-82.521302,467.8557451565315,251,LOW,LOW
29841,33.526407,-81.939337,423.425137793673,32494,LOW,HIGH
29842,33.457043,-81.86071,418.1858067286258,7675,LOW,LOW
29843,33.182069,-81.179772,367.16130906458415,1291,LOW,LOW
29844,33.769606,-82.241925,445.6709683116743,123,LOW,LOW
29845,33.817844,-82.20142299999998,441.14755318360363,1104,LOW,LOW
29847,33.704138,-81.847277,410.9820329301001,5480,LOW,LOW
29848,33.970417,-82.075911,427.4479767090756,751,LOW,LOW
29849,33.103626,-81.23834699999998,375.4422611358661,294,LOW,LOW
29850,33.609668,-81.816976,410.3270304300441,111,LOW,LOW
29851,33.507439,-81.81178299999998,412.4191235369972,7524,LOW,LOW
29853,33.403112,-81.42264399999998,380.6036992020134,6580,LOW,LOW
29856,33.485256,-81.511831,386.0871784191636,3255,LOW,LOW
29860,33.614687,-81.984429,425.377070214593,14450,LOW,MEDIUM
29899,33.928023,-82.250602,444.0005190682643,1244,LOW,LOW
29902,32.334933,-80.684304,372.56106322862144,14779,LOW,MEDIUM
29904,32.457441,-80.717905,367.0767808761459,659,LOW,LOW
29905,32.351589000000004,-80.68221700000002,371.28966482012515,3054,LOW,LOW
29906,32.445112,-80.752875,370.54977520133406,21765,LOW,MEDIUM
29907,32.474692,-80.599222,356.8977116229363,12570,LOW,MEDIUM
29909,32.336836,-80.847799,384.79110932380036,16394,LOW,MEDIUM
29910,32.214521000000005,-80.89157,396.17959271388384,33954,LOW,HIGH
29911,32.94116,-81.141681,374.41234259932196,1725,LOW,LOW
29912,32.584548,-80.928494,375.76415892554684,42,LOW,LOW
29915,32.122105,-80.856036,399.83318022386226,416,LOW,LOW
29916,32.718462,-80.96710300000002,371.2824185108579,1533,LOW,LOW
29918,32.744462,-81.247365,392.9496131701102,5278,LOW,LOW
29920,32.364221,-80.553611,360.83489435874986,9481,LOW,LOW
29921,32.682581,-81.17290899999998,390.04510710574135,227,LOW,LOW
29922,32.625831,-81.277273,401.6478041766124,1214,LOW,LOW
29923,32.859518,-81.246422,387.14219876081336,392,LOW,LOW
29924,32.876884999999994,-81.111209,374.9459660915534,4331,LOW,LOW
29926,32.238246999999994,-80.740263,383.282393892719,23742,LOW,MEDIUM
29927,32.226776,-81.05787600000002,407.96931349046685,8237,LOW,LOW
29928,32.16317100000001,-80.755765,389.60826712516797,16110,LOW,MEDIUM
29929,32.927872,-80.938536,357.98469560815613,1135,LOW,LOW
29932,32.818148,-81.348641,397.74229464797725,269,LOW,LOW
29934,32.591590999999994,-81.107381,389.7097400834944,1172,LOW,LOW
29935,32.383349,-80.693678,370.04587338580893,3685,LOW,LOW
29936,32.482042,-80.971987,385.3058174428747,13354,LOW,MEDIUM
29939,32.672512,-81.244025,396.42431144553024,302,LOW,LOW
29940,32.54591,-80.713616,361.17010093183654,3967,LOW,LOW
29941,32.55030900000001,-80.806715,368.17552957099286,497,LOW,LOW
29943,32.479249,-81.192323,402.96504731591426,477,LOW,LOW
29944,32.795699,-81.034521,372.68045213480616,5118,LOW,LOW
29945,32.673313,-80.76593199999998,357.6255575701866,4841,LOW,LOW
